,imagePath,videoFile,imageName,timeStamp,altitude,pixelDimension,length,notes,balaenaAngled
V2,/Users/anacristinaeguigurenburneo/Documents/Galapagos2023_Drone_Snapshots/Balaena_Callibrations/DJI_0005.MP4_00_00_02_vlc00001.png,DJI_0005.MP4,DJI_0005.MP4_00_00_02_vlc00001.png,0:02,50.4,0.001640625,12.72,pos_C,y
V21,/Users/anacristinaeguigurenburneo/Documents/Galapagos2023_Drone_Snapshots/Balaena_Callibrations/DJI_0005.MP4_00_00_04_vlc00002.png,DJI_0005.MP4,DJI_0005.MP4_00_00_04_vlc00002.png,0:04,49.7,0.001640625,12.88,pos_C,y
V22,/Users/anacristinaeguigurenburneo/Documents/Galapagos2023_Drone_Snapshots/Balaena_Callibrations/DJI_0006.MP4_00_03_03_vlc00001.png,DJI_0006.MP4,DJI_0006.MP4_00_03_03_vlc00001.png,3:03,119.4,0.001640625,13.01,pos_O,y
V23,/Users/anacristinaeguigurenburneo/Documents/Galapagos2023_Drone_Snapshots/Balaena_Callibrations/DJI_0006.MP4_00_03_11_vlc00002.png,DJI_0006.MP4,DJI_0006.MP4_00_03_11_vlc00002.png,3:11,120.1,0.001640625,13.08,pos_O,y
V24,/Users/anacristinaeguigurenburneo/Documents/Galapagos2023_Drone_Snapshots/Balaena_Callibrations/DJI_0006.MP4_00_03_14_vlc00003.png,DJI_0006.MP4,DJI_0006.MP4_00_03_14_vlc00003.png,3:14,120.3,0.001640625,13.16,pos_O,y
V25,/Users/anacristinaeguigurenburneo/Documents/Galapagos2023_Drone_Snapshots/Balaena_Callibrations/DJI_0006.MP4_00_03_16_vlc00004.png,DJI_0006.MP4,DJI_0006.MP4_00_03_16_vlc00004.png,3:16,119.7,0.001640625,13.25,pos_O,y
V26,/Users/anacristinaeguigurenburneo/Documents/Galapagos2023_Drone_Snapshots/Balaena_Callibrations/DJI_0006.MP4_00_03_29_vlc00001.png,DJI_0006.MP4,DJI_0006.MP4_00_03_29_vlc00001.png,3:29,120.2,0.001640625,13.3,pos_O,n
V27,/Users/anacristinaeguigurenburneo/Documents/Galapagos2023_Drone_Snapshots/Balaena_Callibrations/DJI_0008.MP4_00_07_52_vlc00001.png,DJI_0008.MP4,DJI_0008.MP4_00_07_52_vlc00001.png,7:52,35.1,0.003229167,13.26,pos_C,y
V28,/Users/anacristinaeguigurenburneo/Documents/Galapagos2023_Drone_Snapshots/Balaena_Callibrations/DJI_0010.MP4_00_04_12_vlc00001.png,DJI_0010.MP4,DJI_0010.MP4_00_04_12_vlc00001.png,4:12,33.1,0.003229167,12.39,pos_C,n
V29,/Users/anacristinaeguigurenburneo/Documents/Galapagos2023_Drone_Snapshots/Balaena_Callibrations/DJI_0010.MP4_00_04_24_vlc00001.png,DJI_0010.MP4,DJI_0010.MP4_00_04_24_vlc00001.png,4:24,30,0.003229167,12.85,pos_O,y
V210,/Users/anacristinaeguigurenburneo/Documents/Galapagos2023_Drone_Snapshots/Balaena_Callibrations/DJI_0011.MP4_00_00_35_vlc00001.png,DJI_0011.MP4,DJI_0011.MP4_00_00_35_vlc00001.png,0:35,30.7,0.001640625,12.44,pos_O,y
V211,/Users/anacristinaeguigurenburneo/Documents/Galapagos2023_Drone_Snapshots/Balaena_Callibrations/DJI_0011.MP4_00_00_38_vlc00002.png,DJI_0011.MP4,DJI_0011.MP4_00_00_38_vlc00002.png,0:38,30.7,0.001640625,12.45,pos_O,y
V212,/Users/anacristinaeguigurenburneo/Documents/Galapagos2023_Drone_Snapshots/Balaena_Callibrations/DJI_0011.MP4_00_00_45_vlc00003.png,DJI_0011.MP4,DJI_0011.MP4_00_00_45_vlc00003.png,0:45,30.5,0.001640625,12.7,pos_C,y
V213,/Users/anacristinaeguigurenburneo/Documents/Galapagos2023_Drone_Snapshots/Balaena_Callibrations/DJI_0011.MP4_00_00_47_vlc00004.png,DJI_0011.MP4,DJI_0011.MP4_00_00_47_vlc00004.png,0:47,30.5,0.001640625,12.65,pos_C,y
V214,/Users/anacristinaeguigurenburneo/Documents/Galapagos2023_Drone_Snapshots/Balaena_Callibrations/DJI_0011.MP4_00_00_50_vlc00005.png,DJI_0011.MP4,DJI_0011.MP4_00_00_50_vlc00005.png,0:50,30.3,0.001640625,12.25,pos_C,y
V215,/Users/anacristinaeguigurenburneo/Documents/Galapagos2023_Drone_Snapshots/Balaena_Callibrations/DJI_0014.MP4_00_01_16_vlc00001.png,DJI_0014.MP4,DJI_0014.MP4_00_01_16_vlc00001.png,1:16,40.5,0.001640625,12.97,pos_C,y
V216,/Users/anacristinaeguigurenburneo/Documents/Galapagos2023_Drone_Snapshots/Balaena_Callibrations/DJI_0014.MP4_00_01_19_vlc00002.png,DJI_0014.MP4,DJI_0014.MP4_00_01_19_vlc00002.png,1:19,40.1,0.001640625,12.92,pos_C,n
V217,/Users/anacristinaeguigurenburneo/Documents/Galapagos2023_Drone_Snapshots/Balaena_Callibrations/DJI_0014.MP4_00_01_23_vlc00003.png,DJI_0014.MP4,DJI_0014.MP4_00_01_23_vlc00003.png,1:23,39.9,0.001640625,13.2,pos_C,n
V218,/Users/anacristinaeguigurenburneo/Documents/Galapagos2023_Drone_Snapshots/Balaena_Callibrations/DJI_0014.MP4_00_01_27_vlc00004.png,DJI_0014.MP4,DJI_0014.MP4_00_01_27_vlc00004.png,1:27,39.8,0.001640625,13.09,pos_C,y
V219,/Users/anacristinaeguigurenburneo/Documents/Galapagos2023_Drone_Snapshots/Balaena_Callibrations/DJI_0014.MP4_00_08_20_vlc00001.png,DJI_0014.MP4,DJI_0014.MP4_00_08_20_vlc00001.png,8:20,34.6,0.003229167,12.42,pos_C,y
V220,/Users/anacristinaeguigurenburneo/Documents/Galapagos2023_Drone_Snapshots/Balaena_Callibrations/DJI_0016.MP4_00_04_44_vlc00001.png,DJI_0016.MP4,DJI_0016.MP4_00_04_44_vlc00001.png,4:44,30.6,0.001640625,12.71,pos_O,y
V221,/Users/anacristinaeguigurenburneo/Documents/Galapagos2023_Drone_Snapshots/Balaena_Callibrations/DJI_0016.MP4_00_04_51_vlc00002.png,DJI_0016.MP4,DJI_0016.MP4_00_04_51_vlc00002.png,4:51,30.4,0.001640625,12.52,pos_C,n
V222,/Users/anacristinaeguigurenburneo/Documents/Galapagos2023_Drone_Snapshots/Balaena_Callibrations/DJI_0016.MP4_00_04_53_vlc00003.png,DJI_0016.MP4,DJI_0016.MP4_00_04_53_vlc00003.png,4:53,30.4,0.001640625,12.47,pos_C,n
V223,/Users/anacristinaeguigurenburneo/Documents/Galapagos2023_Drone_Snapshots/Balaena_Callibrations/DJI_0016.MP4_00_05_18_vlc00001.png,DJI_0016.MP4,DJI_0016.MP4_00_05_18_vlc00001.png,5:18,46.5,0.003229167,13.04,pos_C,n
V224,/Users/anacristinaeguigurenburneo/Documents/Galapagos2023_Drone_Snapshots/Balaena_Callibrations/DJI_0016.MP4_00_05_24_vlc00002.png,DJI_0016.MP4,DJI_0016.MP4_00_05_24_vlc00002.png,5:24,46,0.003229167,12.61,pos_C,y
V225,/Users/anacristinaeguigurenburneo/Documents/Galapagos2023_Drone_Snapshots/Balaena_Callibrations/DJI_0016.MP4_00_05_41_vlc00003.png,DJI_0016.MP4,DJI_0016.MP4_00_05_41_vlc00003.png,5:41,35.3,0.003229167,12.89,pos_C,n
V226,/Users/anacristinaeguigurenburneo/Documents/Galapagos2023_Drone_Snapshots/Balaena_Callibrations/DJI_0018.MP4_00_04_31_vlc00001.png,DJI_0018.MP4,DJI_0018.MP4_00_04_31_vlc00001.png,4:31,116.5,0.001640625,13.41,pos_C,n
V227,/Users/anacristinaeguigurenburneo/Documents/Galapagos2023_Drone_Snapshots/Balaena_Callibrations/DJI_0018.MP4_00_04_33_vlc00002.png,DJI_0018.MP4,DJI_0018.MP4_00_04_33_vlc00002.png,4:33,116.5,0.001640625,13.31,pos_C,n
V228,/Users/anacristinaeguigurenburneo/Documents/Galapagos2023_Drone_Snapshots/Balaena_Callibrations/DJI_0018.MP4_00_04_55_vlc00003.png,DJI_0018.MP4,DJI_0018.MP4_00_04_55_vlc00003.png,4:55,80,0.001640625,13.29,pos_C,n
V229,/Users/anacristinaeguigurenburneo/Documents/Galapagos2023_Drone_Snapshots/Balaena_Callibrations/DJI_0018.MP4_00_05_03_vlc00004.png,DJI_0018.MP4,DJI_0018.MP4_00_05_03_vlc00004.png,5:03,70.4,0.001640625,13.59,pos_C,n
V230,/Users/anacristinaeguigurenburneo/Documents/Galapagos2023_Drone_Snapshots/Balaena_Callibrations/DJI_0018.MP4_00_05_05_vlc00005.png,DJI_0018.MP4,DJI_0018.MP4_00_05_05_vlc00005.png,5:05,69.9,0.001640625,13.54,pos_C,n
V231,/Users/anacristinaeguigurenburneo/Documents/Galapagos2023_Drone_Snapshots/Balaena_Callibrations/DJI_0018.MP4_00_05_08_vlc00006.png,DJI_0018.MP4,DJI_0018.MP4_00_05_08_vlc00006.png,5:08,69.8,0.001640625,13.39,pos_O,n
V232,/Users/anacristinaeguigurenburneo/Documents/Galapagos2023_Drone_Snapshots/Balaena_Callibrations/DJI_0018.MP4_00_05_16_vlc00007.png,DJI_0018.MP4,DJI_0018.MP4_00_05_16_vlc00007.png,5:16,57.5,0.001640625,13.8,pos_O,n
V233,/Users/anacristinaeguigurenburneo/Documents/Galapagos2023_Drone_Snapshots/Balaena_Callibrations/DJI_0018.MP4_00_05_22_vlc00009.png,DJI_0018.MP4,DJI_0018.MP4_00_05_22_vlc00009.png,5:22,53.1,0.001640625,13.54,pos_O,n
V234,/Users/anacristinaeguigurenburneo/Documents/Galapagos2023_Drone_Snapshots/Balaena_Callibrations/DJI_0019.MP4_00_00_07_vlc00001.png,DJI_0019.MP4,DJI_0019.MP4_00_00_07_vlc00001.png,0:07,50.9,0.001640625,13.36,pos_C,n
V235,/Users/anacristinaeguigurenburneo/Documents/Galapagos2023_Drone_Snapshots/Balaena_Callibrations/DJI_0019.MP4_00_00_12_vlc00002.png,DJI_0019.MP4,DJI_0019.MP4_00_00_12_vlc00002.png,0:12,51.5,0.001640625,13.27,pos_C,n
V236,/Users/anacristinaeguigurenburneo/Documents/Galapagos2023_Drone_Snapshots/Balaena_Callibrations/DJI_0019.MP4_00_00_14_vlc00003.png,DJI_0019.MP4,DJI_0019.MP4_00_00_14_vlc00003.png,0:14,50.8,0.001640625,12.99,pos_C,n
V237,/Users/anacristinaeguigurenburneo/Documents/Galapagos2023_Drone_Snapshots/Balaena_Callibrations/DJI_0019.MP4_00_00_18_vlc00004.png,DJI_0019.MP4,DJI_0019.MP4_00_00_18_vlc00004.png,0:18,51.3,0.001640625,13.18,pos_C,n
V238,/Users/anacristinaeguigurenburneo/Documents/Galapagos2023_Drone_Snapshots/Balaena_Callibrations/DJI_0021.MP4_00_03_03_vlc00001.png,DJI_0021.MP4,DJI_0021.MP4_00_03_03_vlc00001.png,3:03,89.7,0.001640625,12.97,pos_C,n
V239,/Users/anacristinaeguigurenburneo/Documents/Galapagos2023_Drone_Snapshots/Balaena_Callibrations/DJI_0021.MP4_00_03_05_vlc00002.png,DJI_0021.MP4,DJI_0021.MP4_00_03_05_vlc00002.png,3:05,89.5,0.001640625,12.94,pos_C,n
V240,/Users/anacristinaeguigurenburneo/Documents/Galapagos2023_Drone_Snapshots/Balaena_Callibrations/DJI_0021.MP4_00_03_08_vlc00003.png,DJI_0021.MP4,DJI_0021.MP4_00_03_08_vlc00003.png,3:08,89.8,0.001640625,12.94,pos_C,n
V241,/Users/anacristinaeguigurenburneo/Documents/Galapagos2023_Drone_Snapshots/Balaena_Callibrations/DJI_0021.MP4_00_07_55_vlc00001.png,DJI_0021.MP4,DJI_0021.MP4_00_07_55_vlc00001.png,7:55,25.9,0.003229167,11.55,pos_C,y
V242,/Users/anacristinaeguigurenburneo/Documents/Galapagos2023_Drone_Snapshots/Balaena_Callibrations/DJI_0023.MP4_00_03_31_vlc00001.png,DJI_0023.MP4,DJI_0023.MP4_00_03_31_vlc00001.png,3:31,27.5,0.003229167,12.62,pos_C,y
V243,/Users/anacristinaeguigurenburneo/Documents/Galapagos2023_Drone_Snapshots/Balaena_Callibrations/DJI_0023.MP4_00_03_40_vlc00002.png,DJI_0023.MP4,DJI_0023.MP4_00_03_40_vlc00002.png,3:40,27.4,0.003229167,14.19,pos_O,y
V244,/Users/anacristinaeguigurenburneo/Documents/Galapagos2023_Drone_Snapshots/Balaena_Callibrations/DJI_0024.MP4_00_01_31_vlc00001.png,DJI_0024.MP4,DJI_0024.MP4_00_01_31_vlc00001.png,1:31,30.7,0.001640625,12.73,pos_O,y
V245,/Users/anacristinaeguigurenburneo/Documents/Galapagos2023_Drone_Snapshots/Balaena_Callibrations/DJI_0024.MP4_00_01_38_vlc00002.png,DJI_0024.MP4,DJI_0024.MP4_00_01_38_vlc00002.png,1:38,31.2,0.001640625,12.84,pos_C,y
V246,/Users/anacristinaeguigurenburneo/Documents/Galapagos2023_Drone_Snapshots/Balaena_Callibrations/DJI_0024.MP4_00_01_40_vlc00003.png,DJI_0024.MP4,DJI_0024.MP4_00_01_40_vlc00003.png,1:40,30.8,0.001640625,12.62,pos_O,y
V247,/Users/anacristinaeguigurenburneo/Documents/Galapagos2023_Drone_Snapshots/Balaena_Callibrations/DJI_0024.MP4_00_01_48_vlc00004.png,DJI_0024.MP4,DJI_0024.MP4_00_01_48_vlc00004.png,1:48,30.6,0.001640625,12.49,pos_C,n
V248,/Users/anacristinaeguigurenburneo/Documents/Galapagos2023_Drone_Snapshots/Balaena_Callibrations/DJI_0026.MP4_00_00_43_vlc00001.png,DJI_0026.MP4,DJI_0026.MP4_00_00_43_vlc00001.png,0:43,53.3,0.003229167,12.84,pos_O,y
V249,/Users/anacristinaeguigurenburneo/Documents/Galapagos2023_Drone_Snapshots/Balaena_Callibrations/DJI_0026.MP4_00_00_49_vlc00002.png,DJI_0026.MP4,DJI_0026.MP4_00_00_49_vlc00002.png,0:49,53.4,0.003229167,12.79,pos_O,y
V250,/Users/anacristinaeguigurenburneo/Documents/Galapagos2023_Drone_Snapshots/Balaena_Callibrations/DJI_0026.MP4_00_00_55_vlc00003.png,DJI_0026.MP4,DJI_0026.MP4_00_00_55_vlc00003.png,0:55,53.4,0.003229167,12.92,pos_O,y
V251,/Users/anacristinaeguigurenburneo/Documents/Galapagos2023_Drone_Snapshots/Balaena_Callibrations/DJI_0026.MP4_00_04_11_vlc00001.png,DJI_0026.MP4,DJI_0026.MP4_00_04_11_vlc00001.png,4:11,86.1,0.001640625,13.5,pos_O,n
V252,/Users/anacristinaeguigurenburneo/Documents/Galapagos2023_Drone_Snapshots/Balaena_Callibrations/DJI_0026.MP4_00_04_14_vlc00002.png,DJI_0026.MP4,DJI_0026.MP4_00_04_14_vlc00002.png,4:14,85.3,0.001640625,13.29,pos_O,y
V253,/Users/anacristinaeguigurenburneo/Documents/Galapagos2023_Drone_Snapshots/Balaena_Callibrations/DJI_0030.MP4_00_00_02_vlc00001.png,DJI_0030.MP4,DJI_0030.MP4_00_00_02_vlc00001.png,0:02,118.6,0.001640625,13.34,pos_C,n
V254,/Users/anacristinaeguigurenburneo/Documents/Galapagos2023_Drone_Snapshots/Balaena_Callibrations/DJI_0030.MP4_00_00_27_vlc00002.png,DJI_0030.MP4,DJI_0030.MP4_00_00_27_vlc00002.png,0:27,40.8,0.001640625,13.67,pos_O,n
V255,/Users/anacristinaeguigurenburneo/Documents/Galapagos2023_Drone_Snapshots/Balaena_Callibrations/DJI_0030.MP4_00_10_59_vlc00001.png,DJI_0030.MP4,DJI_0030.MP4_00_10_59_vlc00001.png,10:59,46.8,0.003229167,12.03,pos_C,y
V256,/Users/anacristinaeguigurenburneo/Documents/Galapagos2023_Drone_Snapshots/Balaena_Callibrations/DJI_0030.MP4_00_11_02_vlc00002.png,DJI_0030.MP4,DJI_0030.MP4_00_11_02_vlc00002.png,11:02,47.4,0.003229167,13.41,pos_O,y
V257,/Users/anacristinaeguigurenburneo/Documents/Galapagos2023_Drone_Snapshots/Balaena_Callibrations/DJI_0032.MP4_00_05_13_vlc00001.png,DJI_0032.MP4,DJI_0032.MP4_00_05_13_vlc00001.png,5:13,39.7,0.001640625,13.03,pos_O,y
V258,/Users/anacristinaeguigurenburneo/Documents/Galapagos2023_Drone_Snapshots/Balaena_Callibrations/DJI_0032.MP4_00_05_15_vlc00002.png,DJI_0032.MP4,DJI_0032.MP4_00_05_15_vlc00002.png,5:15,40,0.001640625,12.97,pos_C,y
V259,/Users/anacristinaeguigurenburneo/Documents/Galapagos2023_Drone_Snapshots/Balaena_Callibrations/DJI_0032.MP4_00_05_17_vlc00003.png,DJI_0032.MP4,DJI_0032.MP4_00_05_17_vlc00003.png,5:17,40.2,0.001640625,13.08,pos_C,n
V260,/Users/anacristinaeguigurenburneo/Documents/Galapagos2023_Drone_Snapshots/Balaena_Callibrations/DJI_0032.MP4_00_05_25_vlc00004.png,DJI_0032.MP4,DJI_0032.MP4_00_05_25_vlc00004.png,5:25,40.3,0.001640625,12.93,pos_C,n
V261,/Users/anacristinaeguigurenburneo/Documents/Galapagos2023_Drone_Snapshots/Balaena_Callibrations/DJI_0032.MP4_00_07_51_vlc00001.png,DJI_0032.MP4,DJI_0032.MP4_00_07_51_vlc00001.png,7:51,43.4,0.003229167,11.54,pos_O,y
V262,/Users/anacristinaeguigurenburneo/Documents/Galapagos2023_Drone_Snapshots/Balaena_Callibrations/DJI_0033.MP4_00_07_39_vlc00001.png,DJI_0033.MP4,DJI_0033.MP4_00_07_39_vlc00001.png,7:39,47.5,0.003229167,13.26,pos_O,y
V263,/Users/anacristinaeguigurenburneo/Documents/Galapagos2023_Drone_Snapshots/Balaena_Callibrations/DJI_0033.MP4_00_07_43_vlc00002.png,DJI_0033.MP4,DJI_0033.MP4_00_07_43_vlc00002.png,7:43,45,0.003229167,12.8,pos_O,y
V264,/Users/anacristinaeguigurenburneo/Documents/Galapagos2023_Drone_Snapshots/Balaena_Callibrations/DJI_0033.MP4_00_07_48_vlc00003.png,DJI_0033.MP4,DJI_0033.MP4_00_07_48_vlc00003.png,7:48,45.4,0.003229167,12.77,pos_C,n
V265,/Users/anacristinaeguigurenburneo/Documents/Galapagos2023_Drone_Snapshots/Balaena_Callibrations/DJI_0036.MP4_00_05_04_vlc00001.png,DJI_0036.MP4,DJI_0036.MP4_00_05_04_vlc00001.png,5:04,31.5,0.001640625,13.37,pos_C,n
V266,/Users/anacristinaeguigurenburneo/Documents/Galapagos2023_Drone_Snapshots/Balaena_Callibrations/DJI_0037.MP4_00_10_16_vlc00001.png,DJI_0037.MP4,DJI_0037.MP4_00_10_16_vlc00001.png,10:16,45.6,0.003229167,12.91,pos_O,y
V267,/Users/anacristinaeguigurenburneo/Documents/Galapagos2023_Drone_Snapshots/Balaena_Callibrations/DJI_0040.MP4_00_00_33_vlc00001.png,DJI_0040.MP4,DJI_0040.MP4_00_00_33_vlc00001.png,0:33,40.9,0.001640625,13.82,pos_C,n
V268,/Users/anacristinaeguigurenburneo/Documents/Galapagos2023_Drone_Snapshots/Balaena_Callibrations/DJI_0040.MP4_00_00_35_vlc00002.png,DJI_0040.MP4,DJI_0040.MP4_00_00_35_vlc00002.png,0:35,40.1,0.001640625,13.57,pos_C,y
V269,/Users/anacristinaeguigurenburneo/Documents/Galapagos2023_Drone_Snapshots/Balaena_Callibrations/DJI_0040.MP4_00_00_40_vlc00003.png,DJI_0040.MP4,DJI_0040.MP4_00_00_40_vlc00003.png,0:40,40.6,0.001640625,13.39,pos_C,n
V270,/Users/anacristinaeguigurenburneo/Documents/Galapagos2023_Drone_Snapshots/Balaena_Callibrations/DJI_0040.MP4_00_00_42_vlc00004.png,DJI_0040.MP4,DJI_0040.MP4_00_00_42_vlc00004.png,0:42,39.5,0.001640625,12.99,pos_C,n
V271,/Users/anacristinaeguigurenburneo/Documents/Galapagos2023_Drone_Snapshots/Balaena_Callibrations/DJI_0047.MP4_00_05_14_vlc00002.png,DJI_0047.MP4,DJI_0047.MP4_00_05_14_vlc00002.png,5:14,50.3,0.001640625,13.05,pos_O,y
V272,/Users/anacristinaeguigurenburneo/Documents/Galapagos2023_Drone_Snapshots/Balaena_Callibrations/DJI_0047.MP4_00_05_21_vlc00003.png,DJI_0047.MP4,DJI_0047.MP4_00_05_21_vlc00003.png,5:21,50.4,0.001640625,12.56,pos_C,n
V273,/Users/anacristinaeguigurenburneo/Documents/Galapagos2023_Drone_Snapshots/Balaena_Callibrations/DJI_0047.MP4_00_05_23_vlc00004.png,DJI_0047.MP4,DJI_0047.MP4_00_05_23_vlc00004.png,5:23,50.6,0.001640625,12.77,pos_C,n
V274,/Users/anacristinaeguigurenburneo/Documents/Galapagos2023_Drone_Snapshots/Balaena_Callibrations/DJI_0047.MP4_00_05_25_vlc00005.png,DJI_0047.MP4,DJI_0047.MP4_00_05_25_vlc00005.png,5:25,50.6,0.001640625,12.72,pos_C,n
V275,/Users/anacristinaeguigurenburneo/Documents/Galapagos2023_Drone_Snapshots/Balaena_Callibrations/DJI_0050.MP4_00_05_00_vlc00001.png,DJI_0050.MP4,DJI_0050.MP4_00_05_00_vlc00001.png,5:00,50.2,0.001640625,13.31,pos_C,y
V276,/Users/anacristinaeguigurenburneo/Documents/Galapagos2023_Drone_Snapshots/Balaena_Callibrations/DJI_0050.MP4_00_05_03_vlc00002.png,DJI_0050.MP4,DJI_0050.MP4_00_05_03_vlc00002.png,5:03,50.3,0.001640625,13.26,pos_C,n
V277,/Users/anacristinaeguigurenburneo/Documents/Galapagos2023_Drone_Snapshots/Balaena_Callibrations/DJI_0053.MP4_00_05_23_vlc00001.png,DJI_0053.MP4,DJI_0053.MP4_00_05_23_vlc00001.png,5:23,31.3,0.001640625,12.56,pos_C,y
V278,/Users/anacristinaeguigurenburneo/Documents/Galapagos2023_Drone_Snapshots/Balaena_Callibrations/DJI_0053.MP4_00_05_26_vlc00002.png,DJI_0053.MP4,DJI_0053.MP4_00_05_26_vlc00002.png,5:26,30.9,0.001640625,12.49,pos_C,y
V279,/Users/anacristinaeguigurenburneo/Documents/Galapagos2023_Drone_Snapshots/Balaena_Callibrations/DJI_0054.MP4_00_00_02_vlc00001.png,DJI_0054.MP4,DJI_0054.MP4_00_00_02_vlc00001.png,0:02,31.4,0.001640625,13.57,pos_C,n
V280,/Users/anacristinaeguigurenburneo/Documents/Galapagos2023_Drone_Snapshots/Balaena_Callibrations/DJI_0054.MP4_00_00_05_vlc00002.png,DJI_0054.MP4,DJI_0054.MP4_00_00_05_vlc00002.png,0:05,30.1,0.001640625,12.8,pos_C,n
V281,/Users/anacristinaeguigurenburneo/Documents/Galapagos2023_Drone_Snapshots/Balaena_Callibrations/DJI_0056.MP4_00_04_11_vlc00001.png,DJI_0056.MP4,DJI_0056.MP4_00_04_11_vlc00001.png,4:11,30.1,0.001640625,12.6,pos_O,n
V282,/Users/anacristinaeguigurenburneo/Documents/Galapagos2023_Drone_Snapshots/Balaena_Callibrations/DJI_0056.MP4_00_04_13_vlc00002.png,DJI_0056.MP4,DJI_0056.MP4_00_04_13_vlc00002.png,4:13,30.1,0.001640625,12.44,pos_C,n
V283,/Users/anacristinaeguigurenburneo/Documents/Galapagos2023_Drone_Snapshots/Balaena_Callibrations/DJI_0056.MP4_00_04_15_vlc00003.png,DJI_0056.MP4,DJI_0056.MP4_00_04_15_vlc00003.png,4:15,30.2,0.001640625,12.3,pos_C,n
V284,/Users/anacristinaeguigurenburneo/Documents/Galapagos2023_Drone_Snapshots/Balaena_Callibrations/DJI_0056.MP4_00_04_17_vlc00004.png,DJI_0056.MP4,DJI_0056.MP4_00_04_17_vlc00004.png,4:17,30.3,0.001640625,12.62,pos_C,n
V285,/Users/anacristinaeguigurenburneo/Documents/Galapagos2023_Drone_Snapshots/Balaena_Callibrations/DJI_0056.MP4_00_04_19_vlc00005.png,DJI_0056.MP4,DJI_0056.MP4_00_04_19_vlc00005.png,4:19,30.4,0.001640625,12.6,pos_C,n
V286,/Users/anacristinaeguigurenburneo/Documents/Galapagos2023_Drone_Snapshots/Balaena_Callibrations/DJI_0056.MP4_00_04_22_vlc00006.png,DJI_0056.MP4,DJI_0056.MP4_00_04_22_vlc00006.png,4:22,30.3,0.001640625,12.9,pos_C,n
V287,/Users/anacristinaeguigurenburneo/Documents/Galapagos2023_Drone_Snapshots/Balaena_Callibrations/DJI_0056.MP4_00_04_23_vlc00007.png,DJI_0056.MP4,DJI_0056.MP4_00_04_23_vlc00007.png,4:23,30.4,0.001640625,12.93,pos_C,n
V288,/Users/anacristinaeguigurenburneo/Documents/Galapagos2023_Drone_Snapshots/Balaena_Callibrations/DJI_0060.MP4_00_00_30_vlc00001.png,DJI_0060.MP4,DJI_0060.MP4_00_00_30_vlc00001.png,0:30,32.9,0.001640625,13.24,pos_O,y
V289,/Users/anacristinaeguigurenburneo/Documents/Galapagos2023_Drone_Snapshots/Balaena_Callibrations/DJI_0060.MP4_00_00_32_vlc00002.png,DJI_0060.MP4,DJI_0060.MP4_00_00_32_vlc00002.png,0:32,32.6,0.001640625,13.03,pos_O,y
V290,/Users/anacristinaeguigurenburneo/Documents/Galapagos2023_Drone_Snapshots/Balaena_Callibrations/DJI_0060.MP4_00_00_34_vlc00003.png,DJI_0060.MP4,DJI_0060.MP4_00_00_34_vlc00003.png,0:34,32.9,0.001640625,12.98,pos_O,y
V291,/Users/anacristinaeguigurenburneo/Documents/Galapagos2023_Drone_Snapshots/Balaena_Callibrations/DJI_0062.MP4_00_04_09_vlc00001.png,DJI_0062.MP4,DJI_0062.MP4_00_04_09_vlc00001.png,4:09,41.3,0.001640625,13.27,pos_O,y
V292,/Users/anacristinaeguigurenburneo/Documents/Galapagos2023_Drone_Snapshots/Balaena_Callibrations/DJI_0062.MP4_00_04_11_vlc00002.png,DJI_0062.MP4,DJI_0062.MP4_00_04_11_vlc00002.png,4:11,40.8,0.001640625,13.44,pos_O,y
V293,/Users/anacristinaeguigurenburneo/Documents/Galapagos2023_Drone_Snapshots/Balaena_Callibrations/DJI_0062.MP4_00_04_14_vlc00003.png,DJI_0062.MP4,DJI_0062.MP4_00_04_14_vlc00003.png,4:14,40.1,0.001640625,13.34,pos_C,y
V294,/Users/anacristinaeguigurenburneo/Documents/Galapagos2023_Drone_Snapshots/Balaena_Callibrations/DJI_0065.MP4_00_00_02_vlc00001.png,DJI_0065.MP4,DJI_0065.MP4_00_00_02_vlc00001.png,0:02,26.8,0.001640625,11.25,pos_C,n
V295,/Users/anacristinaeguigurenburneo/Documents/Galapagos2023_Drone_Snapshots/Balaena_Callibrations/DJI_0065.MP4_00_00_42_vlc00001.png,DJI_0065.MP4,DJI_0065.MP4_00_00_42_vlc00001.png,0:42,139.2,0.003229167,13.52,pos_C,n
V296,/Users/anacristinaeguigurenburneo/Documents/Galapagos2023_Drone_Snapshots/Balaena_Callibrations/DJI_0065.MP4_00_00_51_vlc00002.png,DJI_0065.MP4,DJI_0065.MP4_00_00_51_vlc00002.png,0:51,155.3,0.003229167,13.66,pos_C,n
V297,/Users/anacristinaeguigurenburneo/Documents/Galapagos2023_Drone_Snapshots/Balaena_Callibrations/DJI_0066.MP4_00_02_20_vlc00001.png,DJI_0066.MP4,DJI_0066.MP4_00_02_20_vlc00001.png,2:20,119.9,0.001640625,13.08,pos_O,y
V298,/Users/anacristinaeguigurenburneo/Documents/Galapagos2023_Drone_Snapshots/Balaena_Callibrations/DJI_0066.MP4_00_02_30_vlc00002.png,DJI_0066.MP4,DJI_0066.MP4_00_02_30_vlc00002.png,2:30,119.2,0.001640625,13.19,pos_O,y
V299,/Users/anacristinaeguigurenburneo/Documents/Galapagos2023_Drone_Snapshots/Balaena_Callibrations/DJI_0066.MP4_00_02_33_vlc00003.png,DJI_0066.MP4,DJI_0066.MP4_00_02_33_vlc00003.png,2:33,119.2,0.001640625,13.12,pos_O,y
V2100,/Users/anacristinaeguigurenburneo/Documents/Galapagos2023_Drone_Snapshots/Balaena_Callibrations/DJI_0073.MP4_00_00_38_vlc00001.png,DJI_0073.MP4,DJI_0073.MP4_00_00_38_vlc00001.png,0:38,39.8,0.001640625,13.4,pos_C,n
V2101,/Users/anacristinaeguigurenburneo/Documents/Galapagos2023_Drone_Snapshots/Balaena_Callibrations/DJI_0073.MP4_00_00_40_vlc00001.png,DJI_0073.MP4,DJI_0073.MP4_00_00_40_vlc00001.png,0:40,39.4,0.001640625,13.19,pos_C,n
V2102,/Users/anacristinaeguigurenburneo/Documents/Galapagos2023_Drone_Snapshots/Balaena_Callibrations/DJI_0073.MP4_00_00_48_vlc00002.png,DJI_0073.MP4,DJI_0073.MP4_00_00_48_vlc00002.png,0:48,39.4,0.001640625,12.66,pos_C,n
V2103,/Users/anacristinaeguigurenburneo/Documents/Galapagos2023_Drone_Snapshots/Balaena_Callibrations/DJI_0073.MP4_00_00_50_vlc00003.png,DJI_0073.MP4,DJI_0073.MP4_00_00_50_vlc00003.png,0:50,39.8,0.001640625,13.19,pos_O,n
V2104,/Users/anacristinaeguigurenburneo/Documents/Galapagos2023_Drone_Snapshots/Balaena_Callibrations/DJI_0074.MP4_00_09_17_vlc00001.png,DJI_0074.MP4,DJI_0074.MP4_00_09_17_vlc00001.png,9:17,123.6,0.003229167,13.93,pos_O,y
V2105,/Users/anacristinaeguigurenburneo/Documents/Galapagos2023_Drone_Snapshots/Balaena_Callibrations/DJI_0074.MP4_00_09_21_vlc00002.png,DJI_0074.MP4,DJI_0074.MP4_00_09_21_vlc00002.png,9:21,123.2,0.003229167,13.29,pos_O,y
V2106,/Users/anacristinaeguigurenburneo/Documents/Galapagos2023_Drone_Snapshots/Balaena_Callibrations/DJI_0076.MP4_00_01_03_vlc00001.png,DJI_0076.MP4,DJI_0076.MP4_00_01_03_vlc00001.png,1:03,50.8,0.001640625,13.82,pos_O,y
V2107,/Users/anacristinaeguigurenburneo/Documents/Galapagos2023_Drone_Snapshots/Balaena_Callibrations/DJI_0076.MP4_00_01_06_vlc00002.png,DJI_0076.MP4,DJI_0076.MP4_00_01_06_vlc00002.png,1:06,50.3,0.001640625,13.31,pos_O,y
V2108,/Users/anacristinaeguigurenburneo/Documents/Galapagos2023_Drone_Snapshots/Balaena_Callibrations/DJI_0076.MP4_00_01_14_vlc00003.png,DJI_0076.MP4,DJI_0076.MP4_00_01_14_vlc00003.png,1:14,50.1,0.001640625,13.08,pos_O,y
V2109,/Users/anacristinaeguigurenburneo/Documents/Galapagos2023_Drone_Snapshots/Balaena_Callibrations/DJI_0076.MP4_00_06_29_vlc00001.png,DJI_0076.MP4,DJI_0076.MP4_00_06_29_vlc00001.png,6:29,119.1,0.003229167,13.44,pos_O,y
V2110,/Users/anacristinaeguigurenburneo/Documents/Galapagos2023_Drone_Snapshots/Balaena_Callibrations/DJI_0076.MP4_00_06_34_vlc00002.png,DJI_0076.MP4,DJI_0076.MP4_00_06_34_vlc00002.png,6:34,118.9,0.003229167,13.6,pos_O,y
V2111,/Users/anacristinaeguigurenburneo/Documents/Galapagos2023_Drone_Snapshots/Balaena_Callibrations/DJI_0076.MP4_00_06_43_vlc00003.png,DJI_0076.MP4,DJI_0076.MP4_00_06_43_vlc00003.png,6:43,119.1,0.003229167,13.5,pos_O,y
V2112,/Users/anacristinaeguigurenburneo/Documents/Galapagos2023_Drone_Snapshots/Balaena_Callibrations/DJI_0076.MP4_00_06_52_vlc00004.png,DJI_0076.MP4,DJI_0076.MP4_00_06_52_vlc00004.png,6:52,119.3,0.003229167,13.48,pos_O,y
V2113,/Users/anacristinaeguigurenburneo/Documents/Galapagos2023_Drone_Snapshots/Balaena_Callibrations/DJI_0076.MP4_00_06_57_vlc00005.png,DJI_0076.MP4,DJI_0076.MP4_00_06_57_vlc00005.png,6:57,119,0.003229167,13.31,pos_O,y
V2114,/Users/anacristinaeguigurenburneo/Documents/Galapagos2023_Drone_Snapshots/Balaena_Callibrations/DJI_0079.MP4_00_01_53_vlc00001.png,DJI_0079.MP4,DJI_0079.MP4_00_01_53_vlc00001.png,1:53,32.2,0.001640625,12.69,pos_O,y
V2115,/Users/anacristinaeguigurenburneo/Documents/Galapagos2023_Drone_Snapshots/Balaena_Callibrations/DJI_0079.MP4_00_01_57_vlc00002.png,DJI_0079.MP4,DJI_0079.MP4_00_01_57_vlc00002.png,1:57,32,0.001640625,12.94,pos_c,n
V2116,/Users/anacristinaeguigurenburneo/Documents/Galapagos2023_Drone_Snapshots/Balaena_Callibrations/DJI_0079.MP4_00_01_59_vlc00003.png,DJI_0079.MP4,DJI_0079.MP4_00_01_59_vlc00003.png,1:59,31.9,0.001640625,13.08,pos_C,n
V2117,/Users/anacristinaeguigurenburneo/Documents/Galapagos2023_Drone_Snapshots/Balaena_Callibrations/DJI_0079.MP4_00_02_02_vlc00004.png,DJI_0079.MP4,DJI_0079.MP4_00_02_02_vlc00004.png,2:02,31.9,0.001640625,12.69,pos_C,n
V2118,/Users/anacristinaeguigurenburneo/Documents/Galapagos2023_Drone_Snapshots/Balaena_Callibrations/DJI_0079.MP4_00_02_05_vlc00001.png,DJI_0079.MP4,DJI_0079.MP4_00_02_05_vlc00001.png,2:05,32,0.001640625,12.67,pos_C,n
V2119,/Users/anacristinaeguigurenburneo/Documents/Galapagos2023_Drone_Snapshots/Balaena_Callibrations/DJI_0079.MP4_00_02_06_vlc00005.png,DJI_0079.MP4,DJI_0079.MP4_00_02_06_vlc00005.png,2:06,32.1,0.001640625,12.61,pos_C,n
V2120,/Users/anacristinaeguigurenburneo/Documents/Galapagos2023_Drone_Snapshots/Balaena_Callibrations/DJI_0085.MP4_00_00_19_vlc00001.png,DJI_0085.MP4,DJI_0085.MP4_00_00_19_vlc00001.png,0:19,120.2,0.001640625,13.5,pos_C,n
V2121,/Users/anacristinaeguigurenburneo/Documents/Galapagos2023_Drone_Snapshots/Balaena_Callibrations/DJI_0085.MP4_00_00_21_vlc00002.png,DJI_0085.MP4,DJI_0085.MP4_00_00_21_vlc00002.png,0:21,119.9,0.001640625,13.46,pos_C,n
V2122,/Users/anacristinaeguigurenburneo/Documents/Galapagos2023_Drone_Snapshots/Balaena_Callibrations/DJI_0085.MP4_00_00_24_vlc00003.png,DJI_0085.MP4,DJI_0085.MP4_00_00_24_vlc00003.png,0:24,119.9,0.001640625,13.54,pos_C,n
V2123,/Users/anacristinaeguigurenburneo/Documents/Galapagos2023_Drone_Snapshots/Balaena_Callibrations/DJI_0085.MP4_00_00_27_vlc00004.png,DJI_0085.MP4,DJI_0085.MP4_00_00_27_vlc00004.png,0:27,119.9,0.001640625,13.45,pos_C,n
V2124,/Users/anacristinaeguigurenburneo/Documents/Galapagos2023_Drone_Snapshots/Balaena_Callibrations/DJI_0085.MP4_00_00_29_vlc00005.png,DJI_0085.MP4,DJI_0085.MP4_00_00_29_vlc00005.png,0:29,119.8,0.001640625,13.47,pos_C,n
V2125,/Users/anacristinaeguigurenburneo/Documents/Galapagos2023_Drone_Snapshots/Balaena_Callibrations/DJI_0087.MP4_00_05_00_vlc00001.png,DJI_0087.MP4,DJI_0087.MP4_00_05_00_vlc00001.png,5:00,46.8,0.001640625,13.08,pos_O,y
V2126,/Users/anacristinaeguigurenburneo/Documents/Galapagos2023_Drone_Snapshots/Balaena_Callibrations/DJI_0087.MP4_00_05_02_vlc00002.png,DJI_0087.MP4,DJI_0087.MP4_00_05_02_vlc00002.png,5:02,46.8,0.001640625,13.27,pos_O,n
V2127,/Users/anacristinaeguigurenburneo/Documents/Galapagos2023_Drone_Snapshots/Balaena_Callibrations/DJI_0087.MP4_00_05_06_vlc00003.png,DJI_0087.MP4,DJI_0087.MP4_00_05_06_vlc00003.png,5:06,46.6,0.001640625,13.1,pos_C,n
V2128,/Users/anacristinaeguigurenburneo/Documents/Galapagos2023_Drone_Snapshots/Balaena_Callibrations/DJI_0087.MP4_00_05_11_vlc00004.png,DJI_0087.MP4,DJI_0087.MP4_00_05_11_vlc00004.png,5:11,45.8,0.001640625,13.29,pos_O,y
V2129,/Users/anacristinaeguigurenburneo/Documents/Galapagos2023_Drone_Snapshots/Balaena_Callibrations/DJI_0087.MP4_00_05_14_vlc00005.png,DJI_0087.MP4,DJI_0087.MP4_00_05_14_vlc00005.png,5:14,45.6,0.001640625,13.04,pos_O,n
V2130,/Users/anacristinaeguigurenburneo/Documents/Galapagos2023_Drone_Snapshots/Balaena_Callibrations/DJI_0091.MP4_00_00_56_vlc00001.png,DJI_0091.MP4,DJI_0091.MP4_00_00_56_vlc00001.png,0:56,50.2,0.001640625,13.02,pos_C,y
V2131,/Users/anacristinaeguigurenburneo/Documents/Galapagos2023_Drone_Snapshots/Balaena_Callibrations/DJI_0091.MP4_00_00_57_vlc00002.png,DJI_0091.MP4,DJI_0091.MP4_00_00_57_vlc00002.png,0:57,50.1,0.001640625,13.05,pos_C,n
V2132,/Users/anacristinaeguigurenburneo/Documents/Galapagos2023_Drone_Snapshots/Balaena_Callibrations/DJI_0091.MP4_00_01_00_vlc00003.png,DJI_0091.MP4,DJI_0091.MP4_00_01_00_vlc00003.png,1:00,50.2,0.001640625,13.14,pos_C,y
V2133,/Users/anacristinaeguigurenburneo/Documents/Galapagos2023_Drone_Snapshots/Balaena_Callibrations/DJI_0091.MP4_00_01_02_vlc00004.png,DJI_0091.MP4,DJI_0091.MP4_00_01_02_vlc00004.png,1:02,50.3,0.001640625,13.34,pos_C,n
V2134,/Users/anacristinaeguigurenburneo/Documents/Galapagos2023_Drone_Snapshots/Balaena_Callibrations/DJI_0091.MP4_00_01_05_vlc00005.png,DJI_0091.MP4,DJI_0091.MP4_00_01_05_vlc00005.png,1:05,50.4,0.001640625,13.35,pos_C,n
V2135,/Users/anacristinaeguigurenburneo/Documents/Galapagos2023_Drone_Snapshots/Balaena_Callibrations/DJI_0091.MP4_00_01_12_vlc00006.png,DJI_0091.MP4,DJI_0091.MP4_00_01_12_vlc00006.png,1:12,50.2,0.001640625,12.9,pos_O,y
V2136,/Users/anacristinaeguigurenburneo/Documents/Galapagos2023_Drone_Snapshots/Balaena_Callibrations/DJI_0092.MP4_00_10_55_vlc00001.png,DJI_0092.MP4,DJI_0092.MP4_00_10_55_vlc00001.png,10:55,35.7,0.003229167,12.81,pos_O,y
V2137,/Users/anacristinaeguigurenburneo/Documents/Galapagos2023_Drone_Snapshots/Balaena_Callibrations/DJI_0097.MP4_00_09_50_vlc00001.png,DJI_0097.MP4,DJI_0097.MP4_00_09_50_vlc00001.png,9:50,125.5,0.003229167,13.47,pos_O,n
V2138,/Users/anacristinaeguigurenburneo/Documents/Galapagos2023_Drone_Snapshots/Balaena_Callibrations/DJI_0098.MP4_00_05_16_vlc00001.png,DJI_0098.MP4,DJI_0098.MP4_00_05_16_vlc00001.png,5:16,115.2,0.001640625,14.46,pos_O,y
V2139,/Users/anacristinaeguigurenburneo/Documents/Galapagos2023_Drone_Snapshots/Balaena_Callibrations/DJI_0098.MP4_00_10_21_vlc00001.png,DJI_0098.MP4,DJI_0098.MP4_00_10_21_vlc00001.png,10:21,106.1,0.003229167,12.1,pos_C,y
V2140,/Users/anacristinaeguigurenburneo/Documents/Galapagos2023_Drone_Snapshots/Balaena_Callibrations/DJI_0099.MP4_00_00_13_vlc00001.png,DJI_0099.MP4,DJI_0099.MP4_00_00_13_vlc00001.png,0:13,115.2,0.001640625,14.01,pos_O,n
V2141,/Users/anacristinaeguigurenburneo/Documents/Galapagos2023_Drone_Snapshots/Balaena_Callibrations/DJI_0099.MP4_00_00_17_vlc00002.png,DJI_0099.MP4,DJI_0099.MP4_00_00_17_vlc00002.png,0:17,113.4,0.001640625,13.96,pos_C,n
V2142,/Users/anacristinaeguigurenburneo/Documents/Galapagos2023_Drone_Snapshots/Balaena_Callibrations/DJI_0099.MP4_00_00_19_vlc00003.png,DJI_0099.MP4,DJI_0099.MP4_00_00_19_vlc00003.png,0:19,113.6,0.001640625,13.99,pos_C,n
V2143,/Users/anacristinaeguigurenburneo/Documents/Galapagos2023_Drone_Snapshots/Balaena_Callibrations/DJI_0099.MP4_00_00_22_vlc00004.png,DJI_0099.MP4,DJI_0099.MP4_00_00_22_vlc00004.png,0:22,113.5,0.001640625,14.02,pos_C,n
V2144,/Users/anacristinaeguigurenburneo/Documents/Galapagos2023_Drone_Snapshots/Balaena_Callibrations/DJI_0099.MP4_00_00_25_vlc00005.png,DJI_0099.MP4,DJI_0099.MP4_00_00_25_vlc00005.png,0:25,113.4,0.001640625,14,pos_C,n
V2145,/Users/anacristinaeguigurenburneo/Documents/Galapagos2023_Drone_Snapshots/Balaena_Callibrations/DJI_0099.MP4_00_00_33_vlc00006.png,DJI_0099.MP4,DJI_0099.MP4_00_00_33_vlc00006.png,0:33,113.4,0.001640625,13.93,pos_C,n
V2146,/Users/anacristinaeguigurenburneo/Documents/Galapagos2023_Drone_Snapshots/Balaena_Callibrations/DJI_0099.MP4_00_00_39_vlc00007.png,DJI_0099.MP4,DJI_0099.MP4_00_00_39_vlc00007.png,0:39,113.4,0.001640625,13.96,pos_C,y
V2147,/Users/anacristinaeguigurenburneo/Documents/Galapagos2023_Drone_Snapshots/Balaena_Callibrations/DJI_0099.MP4_00_00_45_vlc00008.png,DJI_0099.MP4,DJI_0099.MP4_00_00_45_vlc00008.png,0:45,113.4,0.001640625,13.9,pos_O,n
V2148,/Users/anacristinaeguigurenburneo/Documents/Galapagos2023_Drone_Snapshots/Balaena_Callibrations/DJI_0099.MP4_00_00_51_vlc00009.png,DJI_0099.MP4,DJI_0099.MP4_00_00_51_vlc00009.png,0:51,113.4,0.001640625,14.15,pos_O,y
V2149,/Users/anacristinaeguigurenburneo/Documents/Galapagos2023_Drone_Snapshots/Balaena_Callibrations/DJI_0099.MP4_00_00_59_vlc00010.png,DJI_0099.MP4,DJI_0099.MP4_00_00_59_vlc00010.png,0:59,113.4,0.001640625,14.2,pos_O,y
V2150,/Users/anacristinaeguigurenburneo/Documents/Galapagos2023_Drone_Snapshots/Balaena_Callibrations/DJI_0099.MP4_00_01_31_vlc00011.png,DJI_0099.MP4,DJI_0099.MP4_00_01_31_vlc00011.png,1:31,113.3,0.001640625,14.09,pos_O,y
V2151,/Users/anacristinaeguigurenburneo/Documents/Galapagos2023_Drone_Snapshots/Balaena_Callibrations/DJI_0099.MP4_00_09_45_vlc00001.png,DJI_0099.MP4,DJI_0099.MP4_00_09_45_vlc00001.png,9:45,91.7,0.003229167,12.58,pos_O,y
V2152,/Users/anacristinaeguigurenburneo/Documents/Galapagos2023_Drone_Snapshots/Balaena_Callibrations/DJI_0099.MP4_00_09_49_vlc00002.png,DJI_0099.MP4,DJI_0099.MP4_00_09_49_vlc00002.png,9:49,91,0.003229167,12.3,pos_O,y
V2153,/Users/anacristinaeguigurenburneo/Documents/Galapagos2023_Drone_Snapshots/Balaena_Callibrations/DJI_0100.MP4_00_05_36_vlc00001.png,DJI_0100.MP4,DJI_0100.MP4_00_05_36_vlc00001.png,5:36,111.3,0.003229167,13.59,pos_O,n
V2154,/Users/anacristinaeguigurenburneo/Documents/Galapagos2023_Drone_Snapshots/Balaena_Callibrations/DJI_0100.MP4_00_10_40_vlc00001.png,DJI_0100.MP4,DJI_0100.MP4_00_10_40_vlc00001.png,10:40,32.4,0.003229167,12,pos_C,n
V2155,/Users/anacristinaeguigurenburneo/Documents/Galapagos2023_Drone_Snapshots/Balaena_Callibrations/DJI_0100.MP4_00_10_42_vlc00002.png,DJI_0100.MP4,DJI_0100.MP4_00_10_42_vlc00002.png,10:42,31.6,0.003229167,12.25,pos_C,y
V2156,/Users/anacristinaeguigurenburneo/Documents/Galapagos2023_Drone_Snapshots/Balaena_Callibrations/DJI_0100.MP4_00_10_50_vlc00003.png,DJI_0100.MP4,DJI_0100.MP4_00_10_50_vlc00003.png,10:50,31.7,0.003229167,12.95,pos_O,y
V2157,/Users/anacristinaeguigurenburneo/Documents/Galapagos2023_Drone_Snapshots/Balaena_Callibrations/DJI_0101.MP4_00_10_17_vlc00001.png,DJI_0101.MP4,DJI_0101.MP4_00_10_17_vlc00001.png,10:17,31.7,0.003229167,14.08,pos_C,y
V2158,/Users/anacristinaeguigurenburneo/Documents/Galapagos2023_Drone_Snapshots/Balaena_Callibrations/DJI_0101.MP4_00_10_19_vlc00002.png,DJI_0101.MP4,DJI_0101.MP4_00_10_19_vlc00002.png,10:19,25.9,0.003229167,12.92,pos_C,y
V2159,/Users/anacristinaeguigurenburneo/Documents/Galapagos2023_Drone_Snapshots/Balaena_Callibrations/DJI_0101.MP4_00_10_23_vlc00003.png,DJI_0101.MP4,DJI_0101.MP4_00_10_23_vlc00003.png,10:23,24.7,0.003229167,11.48,pos_C,y
V2160,/Users/anacristinaeguigurenburneo/Documents/Galapagos2023_Drone_Snapshots/Balaena_Callibrations/DJI_0102.MP4_00_04_17_vlc00001.png,DJI_0102.MP4,DJI_0102.MP4_00_04_17_vlc00001.png,4:17,29.9,0.001640625,12.7,pos_C,n
V2161,/Users/anacristinaeguigurenburneo/Documents/Galapagos2023_Drone_Snapshots/Balaena_Callibrations/DJI_0102.MP4_00_04_22_vlc00002.png,DJI_0102.MP4,DJI_0102.MP4_00_04_22_vlc00002.png,4:22,29.4,0.001640625,12.2,pos_C,n
V2162,/Users/anacristinaeguigurenburneo/Documents/Galapagos2023_Drone_Snapshots/Balaena_Callibrations/DJI_0102.MP4_00_04_25_vlc00003.png,DJI_0102.MP4,DJI_0102.MP4_00_04_25_vlc00003.png,4:25,29.9,0.001640625,11.97,pos_C,n
V2163,/Users/anacristinaeguigurenburneo/Documents/Galapagos2023_Drone_Snapshots/Balaena_Callibrations/DJI_0103.MP4_00_07_50_vlc00001.png,DJI_0103.MP4,DJI_0103.MP4_00_07_50_vlc00001.png,7:50,119.7,0.003229167,11.59,pos_O,y
V2164,/Users/anacristinaeguigurenburneo/Documents/Galapagos2023_Drone_Snapshots/Balaena_Callibrations/DJI_0103.MP4_00_07_54_vlc00002.png,DJI_0103.MP4,DJI_0103.MP4_00_07_54_vlc00002.png,7:54,120.1,0.003229167,11.93,pos_O,y
V2165,/Users/anacristinaeguigurenburneo/Documents/Galapagos2023_Drone_Snapshots/Balaena_Callibrations/DJI_0103.MP4_00_08_11_vlc00003.png,DJI_0103.MP4,DJI_0103.MP4_00_08_11_vlc00003.png,8:11,120,0.003229167,12.99,pos_O,y
V2166,/Users/anacristinaeguigurenburneo/Documents/Galapagos2023_Drone_Snapshots/Balaena_Callibrations/DJI_0103.MP4_00_08_14_vlc00004.png,DJI_0103.MP4,DJI_0103.MP4_00_08_14_vlc00004.png,8:14,120.2,0.003229167,12.97,pos_O,y
V2167,/Users/anacristinaeguigurenburneo/Documents/Galapagos2023_Drone_Snapshots/Balaena_Callibrations/DJI_0103.MP4_00_08_18_vlc00005.png,DJI_0103.MP4,DJI_0103.MP4_00_08_18_vlc00005.png,8:18,119.9,0.003229167,13.01,pos_O,y
V2168,/Users/anacristinaeguigurenburneo/Documents/Galapagos2023_Drone_Snapshots/Balaena_Callibrations/DJI_0103.MP4_00_10_20_vlc00006.png,DJI_0103.MP4,DJI_0103.MP4_00_10_20_vlc00006.png,10:20,120.6,0.003229167,13.3,pos_O,y
V2169,/Users/anacristinaeguigurenburneo/Documents/Galapagos2023_Drone_Snapshots/Balaena_Callibrations/DJI_0103.MP4_00_10_24_vlc00007.png,DJI_0103.MP4,DJI_0103.MP4_00_10_24_vlc00007.png,10:24,119.8,0.003229167,13.22,pos_O,y
V2170,/Users/anacristinaeguigurenburneo/Documents/Galapagos2023_Drone_Snapshots/Balaena_Callibrations/DJI_0107.MP4_00_10_37_vlc00001.png,DJI_0107.MP4,DJI_0107.MP4_00_10_37_vlc00001.png,10:37,67.5,0.003229167,13.11,pos_O,n
V2171,/Users/anacristinaeguigurenburneo/Documents/Galapagos2023_Drone_Snapshots/Balaena_Callibrations/DJI_0108.MP4_00_00_03_vlc00001.png,DJI_0108.MP4,DJI_0108.MP4_00_00_03_vlc00001.png,0:03,30.8,0.001640625,12.83,pos_C,n
V2172,/Users/anacristinaeguigurenburneo/Documents/Galapagos2023_Drone_Snapshots/Balaena_Callibrations/DJI_0108.MP4_00_00_04_vlc00001.png,DJI_0108.MP4,DJI_0108.MP4_00_00_04_vlc00001.png,0:04,30.7,0.001640625,12.81,pos_C,n
V2173,/Users/anacristinaeguigurenburneo/Documents/Galapagos2023_Drone_Snapshots/Balaena_Callibrations/DJI_0108.MP4_00_00_06_vlc00002.png,DJI_0108.MP4,DJI_0108.MP4_00_00_06_vlc00002.png,0:06,30.4,0.001640625,12.65,pos_C,n
V2174,/Users/anacristinaeguigurenburneo/Documents/Galapagos2023_Drone_Snapshots/Balaena_Callibrations/DJI_0108.MP4_00_00_08_vlc00002.png,DJI_0108.MP4,DJI_0108.MP4_00_00_08_vlc00002.png,0:08,30.4,0.001640625,12.63,pos_C,n
V2175,/Users/anacristinaeguigurenburneo/Documents/Galapagos2023_Drone_Snapshots/Balaena_Callibrations/DJI_0108.MP4_00_00_10_vlc00003.png,DJI_0108.MP4,DJI_0108.MP4_00_00_10_vlc00003.png,0:10,30.3,0.001640625,12.65,pos_O,y
V2176,/Users/anacristinaeguigurenburneo/Documents/Galapagos2023_Drone_Snapshots/Balaena_Callibrations/DJI_0108.MP4_00_00_12_vlc00003.png,DJI_0108.MP4,DJI_0108.MP4_00_00_12_vlc00003.png,0:12,30.4,0.001640625,12.82,pos_O,y
V2177,/Users/anacristinaeguigurenburneo/Documents/Galapagos2023_Drone_Snapshots/Balaena_Callibrations/DJI_0110.MP4_00_03_36_vlc00001.png,DJI_0110.MP4,DJI_0110.MP4_00_03_36_vlc00001.png,3:36,30.3,0.001640625,12.54,pos_O,n
V2178,/Users/anacristinaeguigurenburneo/Documents/Galapagos2023_Drone_Snapshots/Balaena_Callibrations/DJI_0110.MP4_00_03_38_vlc00003.png,DJI_0110.MP4,DJI_0110.MP4_00_03_38_vlc00003.png,3:38,30.2,0.001640625,12.68,pos_O,y
V2179,/Users/anacristinaeguigurenburneo/Documents/Galapagos2023_Drone_Snapshots/Balaena_Callibrations/DJI_0110.MP4_00_03_46_vlc00004.png,DJI_0110.MP4,DJI_0110.MP4_00_03_46_vlc00004.png,3:46,30.6,0.001640625,12.44,pos_C,y
V2180,/Users/anacristinaeguigurenburneo/Documents/Galapagos2023_Drone_Snapshots/Balaena_Callibrations/DJI_0110.MP4_00_03_49_vlc00005.png,DJI_0110.MP4,DJI_0110.MP4_00_03_49_vlc00005.png,3:49,30.5,0.001640625,12.62,pos_O,n
V2181,/Users/anacristinaeguigurenburneo/Documents/Galapagos2023_Drone_Snapshots/Balaena_Callibrations/DJI_0110.MP4_00_03_54_vlc00003.png,DJI_0110.MP4,DJI_0110.MP4_00_03_54_vlc00003.png,3:54,28.9,0.001640625,12.83,pos_O,y
V2182,/Users/anacristinaeguigurenburneo/Documents/Galapagos2023_Drone_Snapshots/Balaena_Callibrations/DJI_0110.MP4_00_03_56_vlc00006.png,DJI_0110.MP4,DJI_0110.MP4_00_03_56_vlc00006.png,3:56,28.9,0.001640625,12.78,pos_O,y
V2183,/Users/anacristinaeguigurenburneo/Documents/Galapagos2023_Drone_Snapshots/Balaena_Callibrations/DJI_0113.MP4_00_00_09_vlc00001.png,DJI_0113.MP4,DJI_0113.MP4_00_00_09_vlc00001.png,0:09,30.3,0.001640625,12.78,pos_C,y
V2184,/Users/anacristinaeguigurenburneo/Documents/Galapagos2023_Drone_Snapshots/Balaena_Callibrations/DJI_0113.MP4_00_00_11_vlc00001.png,DJI_0113.MP4,DJI_0113.MP4_00_00_11_vlc00001.png,0:11,30,0.001640625,12.64,pos_C,n
V2185,/Users/anacristinaeguigurenburneo/Documents/Galapagos2023_Drone_Snapshots/Balaena_Callibrations/DJI_0113.MP4_00_00_16_vlc00002.png,DJI_0113.MP4,DJI_0113.MP4_00_00_16_vlc00002.png,0:16,30,0.001640625,13.35,pos_C,n
V2186,/Users/anacristinaeguigurenburneo/Documents/Galapagos2023_Drone_Snapshots/Balaena_Callibrations/DJI_0113.MP4_00_00_18_vlc00003.png,DJI_0113.MP4,DJI_0113.MP4_00_00_18_vlc00003.png,0:18,29.7,0.001640625,12.86,pos_C,y
V2187,/Users/anacristinaeguigurenburneo/Documents/Galapagos2023_Drone_Snapshots/Balaena_Callibrations/DJI_0117.MP4_00_08_50_vlc00001.png,DJI_0117.MP4,DJI_0117.MP4_00_08_50_vlc00001.png,8:50,54,0.003229167,12.47,pos_C,n
V2188,/Users/anacristinaeguigurenburneo/Documents/Galapagos2023_Drone_Snapshots/Balaena_Callibrations/DJI_0118.MP4_00_00_08_vlc00001.png,DJI_0118.MP4,DJI_0118.MP4_00_00_08_vlc00001.png,0:08,33,0.001640625,13.45,pos_O,n
V2189,/Users/anacristinaeguigurenburneo/Documents/Galapagos2023_Drone_Snapshots/Balaena_Callibrations/DJI_0118.MP4_00_00_16_vlc00001.png,DJI_0118.MP4,DJI_0118.MP4_00_00_16_vlc00001.png,0:16,30.7,0.001640625,13.42,pos_C,y
V2190,/Users/anacristinaeguigurenburneo/Documents/Galapagos2023_Drone_Snapshots/Balaena_Callibrations/DJI_0118.MP4_00_00_18_vlc00002.png,DJI_0118.MP4,DJI_0118.MP4_00_00_18_vlc00002.png,0:18,30.5,0.001640625,13.3,pos_C,n
V2191,/Users/anacristinaeguigurenburneo/Documents/Galapagos2023_Drone_Snapshots/Balaena_Callibrations/DJI_0118.MP4_00_00_25_vlc00003.png,DJI_0118.MP4,DJI_0118.MP4_00_00_25_vlc00003.png,0:25,30.8,0.001640625,12.36,pos_O,y
V2192,/Users/anacristinaeguigurenburneo/Documents/Galapagos2023_Drone_Snapshots/Balaena_Callibrations/DJI_0121.MP4_00_03_34_vlc00001.png,DJI_0121.MP4,DJI_0121.MP4_00_03_34_vlc00001.png,3:34,30.7,0.001640625,13.46,pos_O,y
V2193,/Users/anacristinaeguigurenburneo/Documents/Galapagos2023_Drone_Snapshots/Balaena_Callibrations/DJI_0121.MP4_00_03_46_vlc00002.png,DJI_0121.MP4,DJI_0121.MP4_00_03_46_vlc00002.png,3:46,30.7,0.001640625,13.23,pos_C,y
V2194,/Users/anacristinaeguigurenburneo/Documents/Galapagos2023_Drone_Snapshots/Balaena_Callibrations/DJI_0121.MP4_00_03_48_vlc00003.png,DJI_0121.MP4,DJI_0121.MP4_00_03_48_vlc00003.png,3:48,30.7,0.001640625,13.01,pos_C,y
V2195,/Users/anacristinaeguigurenburneo/Documents/Galapagos2023_Drone_Snapshots/Balaena_Callibrations/DJI_0121.MP4_00_03_49_vlc00004.png,DJI_0121.MP4,DJI_0121.MP4_00_03_49_vlc00004.png,3:49,30.8,0.001640625,13.04,pos_C,n
V2196,/Users/anacristinaeguigurenburneo/Documents/Galapagos2023_Drone_Snapshots/Balaena_Callibrations/DJI_0121.MP4_00_03_52_vlc00005.png,DJI_0121.MP4,DJI_0121.MP4_00_03_52_vlc00005.png,3:52,31,0.001640625,13.09,pos_C,n
V2197,/Users/anacristinaeguigurenburneo/Documents/Galapagos2023_Drone_Snapshots/Balaena_Callibrations/DJI_0121.MP4_00_03_54_vlc00005.png,DJI_0121.MP4,DJI_0121.MP4_00_03_54_vlc00005.png,3:54,31,0.001640625,13.36,pos_C,n
V2198,/Users/anacristinaeguigurenburneo/Documents/Galapagos2023_Drone_Snapshots/Balaena_Callibrations/DJI_0121.MP4_00_03_58_vlc00006.png,DJI_0121.MP4,DJI_0121.MP4_00_03_58_vlc00006.png,3:58,30.6,0.001640625,13.2,pos_C,y
V2199,/Users/anacristinaeguigurenburneo/Documents/Galapagos2023_Drone_Snapshots/Balaena_Callibrations/DJI_0122.MP4_00_00_04_vlc00001.png,DJI_0122.MP4,DJI_0122.MP4_00_00_04_vlc00001.png,0:04,31.9,0.003229167,10.48,pos_C,y
V2200,/Users/anacristinaeguigurenburneo/Documents/Galapagos2023_Drone_Snapshots/Balaena_Callibrations/DJI_0122.MP4_00_00_13_vlc00002.png,DJI_0122.MP4,DJI_0122.MP4_00_00_13_vlc00002.png,0:13,31.4,0.003229167,9.68,,y
V2201,/Users/anacristinaeguigurenburneo/Documents/Galapagos2023_Drone_Snapshots/Balaena_Callibrations/DJI_0126.MP4_00_00_03_vlc00001.png,DJI_0126.MP4,DJI_0126.MP4_00_00_03_vlc00001.png,0:03,30,0.001640625,13.88,pos_O,y
V2202,/Users/anacristinaeguigurenburneo/Documents/Galapagos2023_Drone_Snapshots/Balaena_Callibrations/DJI_0126.MP4_00_00_15_vlc00002.png,DJI_0126.MP4,DJI_0126.MP4_00_00_15_vlc00002.png,0:15,29.7,0.001640625,13.36,pos_C,y
V2203,/Users/anacristinaeguigurenburneo/Documents/Galapagos2023_Drone_Snapshots/Balaena_Callibrations/DJI_0126.MP4_00_00_20_vlc00002.png,DJI_0126.MP4,DJI_0126.MP4_00_00_20_vlc00002.png,0:20,29.7,0.001640625,13.39,pos_C,n
V2204,/Users/anacristinaeguigurenburneo/Documents/Galapagos2023_Drone_Snapshots/Balaena_Callibrations/DJI_0126.MP4_00_00_22_vlc00003.png,DJI_0126.MP4,DJI_0126.MP4_00_00_22_vlc00003.png,0:22,29.7,0.001640625,13.29,pos_C,n
V2205,/Users/anacristinaeguigurenburneo/Documents/Galapagos2023_Drone_Snapshots/Balaena_Callibrations/DJI_0126.MP4_00_00_24_vlc00004.png,DJI_0126.MP4,DJI_0126.MP4_00_00_24_vlc00004.png,0:24,29.7,0.001640625,13.12,pos_O,n
V2206,/Users/anacristinaeguigurenburneo/Documents/Galapagos2023_Drone_Snapshots/Balaena_Callibrations/DJI_0126.MP4_00_00_30_vlc00006.png,DJI_0126.MP4,DJI_0126.MP4_00_00_30_vlc00006.png,0:30,29.3,0.001640625,13.32,pos_O,y
V2207,/Users/anacristinaeguigurenburneo/Documents/Galapagos2023_Drone_Snapshots/Balaena_Callibrations/DJI_0135.MP4_00_00_00_vlc00001.png,DJI_0135.MP4,DJI_0135.MP4_00_00_00_vlc00001.png,0:00,63.7,0.003229167,13.38,pos_O,y
V2208,/Users/anacristinaeguigurenburneo/Documents/Galapagos2023_Drone_Snapshots/Balaena_Callibrations/DJI_0135.MP4_00_03_26_vlc00002.png,DJI_0135.MP4,DJI_0135.MP4_00_03_26_vlc00002.png,3:26,30.4,0.001640625,12.25,pos_O,n
V2209,/Users/anacristinaeguigurenburneo/Documents/Galapagos2023_Drone_Snapshots/Balaena_Callibrations/DJI_0135.MP4_00_03_29_vlc00003.png,DJI_0135.MP4,DJI_0135.MP4_00_03_29_vlc00003.png,3:29,30.7,0.001640625,12.16,pos_C,y
V2210,/Users/anacristinaeguigurenburneo/Documents/Galapagos2023_Drone_Snapshots/Balaena_Callibrations/DJI_0135.MP4_00_03_31_vlc00004.png,DJI_0135.MP4,DJI_0135.MP4_00_03_31_vlc00004.png,3:31,29.7,0.001640625,12.02,pos_O,n
V2211,/Users/anacristinaeguigurenburneo/Documents/Galapagos2023_Drone_Snapshots/Balaena_Callibrations/DJI_0135.MP4_00_03_36_vlc00005.png,DJI_0135.MP4,DJI_0135.MP4_00_03_36_vlc00005.png,3:36,29.3,0.001640625,11.64,pos_C,y
V2212,/Users/anacristinaeguigurenburneo/Documents/Galapagos2023_Drone_Snapshots/Balaena_Callibrations/DJI_0135.MP4_00_06_20_vlc00001.png,DJI_0135.MP4,DJI_0135.MP4_00_06_20_vlc00001.png,6:20,101.3,0.003229167,13.3,pos_O,y
V2213,/Users/anacristinaeguigurenburneo/Documents/Galapagos2023_Drone_Snapshots/Balaena_Callibrations/DJI_0135.MP4_00_06_29_vlc00002.png,DJI_0135.MP4,DJI_0135.MP4_00_06_29_vlc00002.png,6:29,100.7,0.003229167,13.68,pos_O,y
V2214,/Users/anacristinaeguigurenburneo/Documents/Galapagos2023_Drone_Snapshots/Balaena_Callibrations/DJI_0135.MP4_00_06_33_vlc00003.png,DJI_0135.MP4,DJI_0135.MP4_00_06_33_vlc00003.png,6:33,100.5,0.003229167,13.66,pos_O,y
V2215,/Users/anacristinaeguigurenburneo/Documents/Galapagos2023_Drone_Snapshots/Balaena_Callibrations/DJI_0135.MP4_00_06_47_vlc00004.png,DJI_0135.MP4,DJI_0135.MP4_00_06_47_vlc00004.png,6:47,100.8,0.003229167,13.9,pos_O,y
V2216,/Users/anacristinaeguigurenburneo/Documents/Galapagos2023_Drone_Snapshots/Balaena_Callibrations/DJI_0135.MP4_00_06_54_vlc00005.png,DJI_0135.MP4,DJI_0135.MP4_00_06_54_vlc00005.png,6:54,100.9,0.003229167,13.77,pos_O,y
V2217,/Users/anacristinaeguigurenburneo/Documents/Galapagos2023_Drone_Snapshots/Balaena_Callibrations/DJI_0140.MP4_00_09_24_vlc00001.png,DJI_0140.MP4,DJI_0140.MP4_00_09_24_vlc00001.png,9:24,82.5,0.003229167,12.41,pos_O,y
V2218,/Users/anacristinaeguigurenburneo/Documents/Galapagos2023_Drone_Snapshots/Balaena_Callibrations/DJI_0146.MP4_00_03_11_vlc00001.png,DJI_0146.MP4,DJI_0146.MP4_00_03_11_vlc00001.png,3:11,31.2,0.001640625,12.69,pos_C,y
V2219,/Users/anacristinaeguigurenburneo/Documents/Galapagos2023_Drone_Snapshots/Balaena_Callibrations/DJI_0146.MP4_00_03_20_vlc00002.png,DJI_0146.MP4,DJI_0146.MP4_00_03_20_vlc00002.png,3:20,30.9,0.001640625,13.12,pos_C,n
V2220,/Users/anacristinaeguigurenburneo/Documents/Galapagos2023_Drone_Snapshots/Balaena_Callibrations/DJI_0146.MP4_00_03_22_vlc00003.png,DJI_0146.MP4,DJI_0146.MP4_00_03_22_vlc00003.png,3:22,30.7,0.001640625,12.87,pos_C,n
V2221,/Users/anacristinaeguigurenburneo/Documents/Galapagos2023_Drone_Snapshots/Balaena_Callibrations/DJI_0146.MP4_00_03_29_vlc00004.png,DJI_0146.MP4,DJI_0146.MP4_00_03_29_vlc00004.png,3:29,30.9,0.001640625,13.51,pos_O,n
V2222,/Users/anacristinaeguigurenburneo/Documents/Galapagos2023_Drone_Snapshots/Balaena_Callibrations/DJI_0146.MP4_00_03_39_vlc00005.png,DJI_0146.MP4,DJI_0146.MP4_00_03_39_vlc00005.png,3:39,31.6,0.001640625,13.3,pos_C,n
V2223,/Users/anacristinaeguigurenburneo/Documents/Galapagos2023_Drone_Snapshots/Balaena_Callibrations/DJI_0146.MP4_00_03_41_vlc00006.png,DJI_0146.MP4,DJI_0146.MP4_00_03_41_vlc00006.png,3:41,30.6,0.001640625,13.05,pos_C,y
V2224,/Users/anacristinaeguigurenburneo/Documents/Galapagos2023_Drone_Snapshots/Balaena_Callibrations/DJI_0146.MP4_00_04_00_vlc00008.png,DJI_0146.MP4,DJI_0146.MP4_00_04_00_vlc00008.png,4:00,30.5,0.001640625,13.51,pos_C,n
V2225,/Users/anacristinaeguigurenburneo/Documents/Galapagos2023_Drone_Snapshots/Balaena_Callibrations/DJI_0146.MP4_00_06_10_vlc00002.png,DJI_0146.MP4,DJI_0146.MP4_00_06_10_vlc00002.png,6:10,65.3,0.003229167,12.4,pos_C,y
V2226,/Users/anacristinaeguigurenburneo/Documents/Galapagos2023_Drone_Snapshots/Balaena_Callibrations/DJI_0146.MP4_00_06_17_vlc00003.png,DJI_0146.MP4,DJI_0146.MP4_00_06_17_vlc00003.png,6:17,66.4,0.003229167,12.69,pos_C,y
V2227,/Users/anacristinaeguigurenburneo/Documents/Galapagos2023_Drone_Snapshots/Balaena_Callibrations/DJI_0146.MP4_00_11_32_vlc00004.png,DJI_0146.MP4,DJI_0146.MP4_00_11_32_vlc00004.png,11:32,34,0.003229167,12.54,pos_C,y
V2228,/Users/anacristinaeguigurenburneo/Documents/Galapagos2023_Drone_Snapshots/Balaena_Callibrations/DJI_0146.MP4_00_11_46_vlc00005.png,DJI_0146.MP4,DJI_0146.MP4_00_11_46_vlc00005.png,11:46,23.6,0.003229167,10.92,pos_O,y
V2229,/Users/anacristinaeguigurenburneo/Documents/Galapagos2023_Drone_Snapshots/Balaena_Callibrations/DJI_0149.MP4_00_02_53_vlc00001.png,DJI_0149.MP4,DJI_0149.MP4_00_02_53_vlc00001.png,2:53,121,0.003229167,13.68,pos_O,y
V2230,/Users/anacristinaeguigurenburneo/Documents/Galapagos2023_Drone_Snapshots/Balaena_Callibrations/DJI_0149.MP4_00_02_58_vlc00002.png,DJI_0149.MP4,DJI_0149.MP4_00_02_58_vlc00002.png,2:58,121,0.003229167,13.28,pos_O,y
V2231,/Users/anacristinaeguigurenburneo/Documents/Galapagos2023_Drone_Snapshots/Balaena_Callibrations/DJI_0149.MP4_00_03_01_vlc00003.png,DJI_0149.MP4,DJI_0149.MP4_00_03_01_vlc00003.png,3:01,121,0.003229167,13.23,pos_O,y
V2232,/Users/anacristinaeguigurenburneo/Documents/Galapagos2023_Drone_Snapshots/Balaena_Callibrations/DJI_0149.MP4_00_03_04_vlc00004.png,DJI_0149.MP4,DJI_0149.MP4_00_03_04_vlc00004.png,3:04,120.9,0.003229167,13.12,pos_O,y
V2233,/Users/anacristinaeguigurenburneo/Documents/Galapagos2023_Drone_Snapshots/Balaena_Callibrations/DJI_0149.MP4_00_05_03_vlc00005.png,DJI_0149.MP4,DJI_0149.MP4_00_05_03_vlc00005.png,5:03,142.4,0.003229167,12.2,pos_O,y
V2234,/Users/anacristinaeguigurenburneo/Documents/Galapagos2023_Drone_Snapshots/Balaena_Callibrations/DJI_0149.MP4_00_05_11_vlc00006.png,DJI_0149.MP4,DJI_0149.MP4_00_05_11_vlc00006.png,5:11,142.3,0.003229167,11.27,pos_O,y
V2235,/Users/anacristinaeguigurenburneo/Documents/Galapagos2023_Drone_Snapshots/Balaena_Callibrations/DJI_0149.MP4_00_05_19_vlc00007.png,DJI_0149.MP4,DJI_0149.MP4_00_05_19_vlc00007.png,5:19,142.3,0.003229167,11.5,pos_O,y
V2236,/Users/anacristinaeguigurenburneo/Documents/Galapagos2023_Drone_Snapshots/Balaena_Callibrations/DJI_0149.MP4_00_05_29_vlc00008.png,DJI_0149.MP4,DJI_0149.MP4_00_05_29_vlc00008.png,5:29,142.5,0.003229167,11.55,pos_O,y
V2237,/Users/anacristinaeguigurenburneo/Documents/Galapagos2023_Drone_Snapshots/Balaena_Callibrations/DJI_0149.MP4_00_05_38_vlc00009.png,DJI_0149.MP4,DJI_0149.MP4_00_05_38_vlc00009.png,5:38,142.5,0.003229167,11.55,pos_O,y
V2238,/Users/anacristinaeguigurenburneo/Documents/Galapagos2023_Drone_Snapshots/Balaena_Callibrations/DJI_0149.MP4_00_05_44_vlc00010.png,DJI_0149.MP4,DJI_0149.MP4_00_05_44_vlc00010.png,5:44,142.8,0.003229167,11.47,pos_O,y
V2239,/Users/anacristinaeguigurenburneo/Documents/Galapagos2023_Drone_Snapshots/Balaena_Callibrations/DJI_0149.MP4_00_10_22_vlc00011.png,DJI_0149.MP4,DJI_0149.MP4_00_10_22_vlc00011.png,10:22,105.6,0.003229167,13.48,pos_O,y
V2240,/Users/anacristinaeguigurenburneo/Documents/Galapagos2023_Drone_Snapshots/Balaena_Callibrations/DJI_0149.MP4_00_10_26_vlc00012.png,DJI_0149.MP4,DJI_0149.MP4_00_10_26_vlc00012.png,10:26,105.7,0.003229167,13.45,pos_O,y
V2241,/Users/anacristinaeguigurenburneo/Documents/Galapagos2023_Drone_Snapshots/Balaena_Callibrations/DJI_0149.MP4_00_10_36_vlc00013.png,DJI_0149.MP4,DJI_0149.MP4_00_10_36_vlc00013.png,10:36,105.7,0.003229167,13.5,pos_O,y
V2242,/Users/anacristinaeguigurenburneo/Documents/Galapagos2023_Drone_Snapshots/Balaena_Callibrations/DJI_0149.MP4_00_10_42_vlc00014.png,DJI_0149.MP4,DJI_0149.MP4_00_10_42_vlc00014.png,10:42,105.8,0.003229167,13.5,pos_O,y
V2243,/Users/anacristinaeguigurenburneo/Documents/Galapagos2023_Drone_Snapshots/Balaena_Callibrations/DJI_0149.MP4_00_10_53_vlc00015.png,DJI_0149.MP4,DJI_0149.MP4_00_10_53_vlc00015.png,10:53,105.7,0.003229167,13.35,pos_O,y
V2244,/Users/anacristinaeguigurenburneo/Documents/Galapagos2023_Drone_Snapshots/Balaena_Callibrations/DJI_0149.MP4_00_10_59_vlc00016.png,DJI_0149.MP4,DJI_0149.MP4_00_10_59_vlc00016.png,10:59,105.8,0.003229167,13.36,pos_O,y
V2245,/Users/anacristinaeguigurenburneo/Documents/Galapagos2023_Drone_Snapshots/Balaena_Callibrations/DJI_0149.MP4_00_11_09_vlc00017.png,DJI_0149.MP4,DJI_0149.MP4_00_11_09_vlc00017.png,11:09,105.6,0.003229167,13.23,pos_O,y
V2246,/Users/anacristinaeguigurenburneo/Documents/Galapagos2023_Drone_Snapshots/Balaena_Callibrations/DJI_0149.MP4_00_11_13_vlc00018.png,DJI_0149.MP4,DJI_0149.MP4_00_11_13_vlc00018.png,11:13,105.7,0.003229167,13.34,pos_O,y
V2247,/Users/anacristinaeguigurenburneo/Documents/Galapagos2023_Drone_Snapshots/Balaena_Callibrations/DJI_0149.MP4_00_11_24_vlc00019.png,DJI_0149.MP4,DJI_0149.MP4_00_11_24_vlc00019.png,11:24,105.6,0.003229167,13.4,pos_O,y
V2248,/Users/anacristinaeguigurenburneo/Documents/Galapagos2023_Drone_Snapshots/Balaena_Callibrations/DJI_0149.MP4_00_11_29_vlc00020.png,DJI_0149.MP4,DJI_0149.MP4_00_11_29_vlc00020.png,11:29,105.7,0.003229167,13.45,,y
V2249,/Users/anacristinaeguigurenburneo/Documents/Galapagos2023_Drone_Snapshots/Balaena_Callibrations/DJI_0150.MP4_00_01_15_vlc00001.png,DJI_0150.MP4,DJI_0150.MP4_00_01_15_vlc00001.png,1:15,29.8,0.001640625,11.97,pos_C,n
V2250,/Users/anacristinaeguigurenburneo/Documents/Galapagos2023_Drone_Snapshots/Balaena_Callibrations/DJI_0150.MP4_00_11_09_vlc00001.png,DJI_0150.MP4,DJI_0150.MP4_00_11_09_vlc00001.png,11:09,86.1,0.003229167,13.46,pos_C,y
V2251,/Users/anacristinaeguigurenburneo/Documents/Galapagos2023_Drone_Snapshots/Balaena_Callibrations/DJI_0153.MP4_00_09_03_vlc00001.png,DJI_0153.MP4,DJI_0153.MP4_00_09_03_vlc00001.png,9:03,51.2,0.003229167,12.01,pos_O,y
V2252,/Users/anacristinaeguigurenburneo/Documents/Galapagos2023_Drone_Snapshots/Balaena_Callibrations/DJI_0154.MP4_00_10_01_vlc00001.png,DJI_0154.MP4,DJI_0154.MP4_00_10_01_vlc00001.png,10:01,47.4,0.003229167,13.31,pos_O,y
V2253,/Users/anacristinaeguigurenburneo/Documents/Galapagos2023_Drone_Snapshots/Balaena_Callibrations/DJI_0155.MP4_00_11_07_vlc00001.png,DJI_0155.MP4,DJI_0155.MP4_00_11_07_vlc00001.png,11:07,62.1,0.003229167,12.24,pos_O,n
V2254,/Users/anacristinaeguigurenburneo/Documents/Galapagos2023_Drone_Snapshots/Balaena_Callibrations/DJI_0155.MP4_00_11_28_vlc00002.png,DJI_0155.MP4,DJI_0155.MP4_00_11_28_vlc00002.png,11:28,25.7,0.003229167,10.86,pos_O,y
V2255,/Users/anacristinaeguigurenburneo/Documents/Galapagos2023_Drone_Snapshots/Balaena_Callibrations/DJI_0155.MP4_00_11_32_vlc00003.png,DJI_0155.MP4,DJI_0155.MP4_00_11_32_vlc00003.png,11:32,26,0.003229167,11.14,pos_O,y
V2256,/Users/anacristinaeguigurenburneo/Documents/Galapagos2023_Drone_Snapshots/Balaena_Callibrations/DJI_0156.MP4_00_08_15_vlc00001.png,DJI_0156.MP4,DJI_0156.MP4_00_08_15_vlc00001.png,8:15,73.4,0.003229167,13.48,pos_C,y
V2257,/Users/anacristinaeguigurenburneo/Documents/Galapagos2023_Drone_Snapshots/Balaena_Callibrations/DJI_0158.MP4_00_05_00_vlc00001.png,DJI_0158.MP4,DJI_0158.MP4_00_05_00_vlc00001.png,5:00,30.7,0.001640625,12.78,pos_C,y
V2258,/Users/anacristinaeguigurenburneo/Documents/Galapagos2023_Drone_Snapshots/Balaena_Callibrations/DJI_0158.MP4_00_05_03_vlc00002.png,DJI_0158.MP4,DJI_0158.MP4_00_05_03_vlc00002.png,5:03,30.4,0.001640625,13.05,pos_C,n
V2259,/Users/anacristinaeguigurenburneo/Documents/Galapagos2023_Drone_Snapshots/Balaena_Callibrations/DJI_0158.MP4_00_08_53_vlc00002.png,DJI_0158.MP4,DJI_0158.MP4_00_08_53_vlc00002.png,8:53,52.9,0.003229167,13.17,pos_C,n
V2260,/Users/anacristinaeguigurenburneo/Documents/Galapagos2023_Drone_Snapshots/Balaena_Callibrations/DJI_0160.MP4_00_11_03_vlc00001.png,DJI_0160.MP4,DJI_0160.MP4_00_11_03_vlc00001.png,11:03,86.2,0.003229167,12.05,pos_C,y
V2261,/Users/anacristinaeguigurenburneo/Documents/Galapagos2023_Drone_Snapshots/Balaena_Callibrations/DJI_0161.MP4_00_04_20_vlc00001.png,DJI_0161.MP4,DJI_0161.MP4_00_04_20_vlc00001.png,4:20,32.9,0.001640625,12.7,pos_O,y
V2262,/Users/anacristinaeguigurenburneo/Documents/Galapagos2023_Drone_Snapshots/Balaena_Callibrations/DJI_0161.MP4_00_04_35_vlc00003.png,DJI_0161.MP4,DJI_0161.MP4_00_04_35_vlc00003.png,4:35,32.5,0.001640625,13.5,pos_C,n
V2263,/Users/anacristinaeguigurenburneo/Documents/Galapagos2023_Drone_Snapshots/Balaena_Callibrations/DJI_0162.MP4_00_11_35_vlc00001.png,DJI_0162.MP4,DJI_0162.MP4_00_11_35_vlc00001.png,11:35,57.2,0.003229167,12.94,pos_O,y
V2264,/Users/anacristinaeguigurenburneo/Documents/Galapagos2023_Drone_Snapshots/Balaena_Callibrations/DJI_0162.MP4_00_11_40_vlc00002.png,DJI_0162.MP4,DJI_0162.MP4_00_11_40_vlc00002.png,11:40,58.6,0.003229167,12.12,pos_O,y
V2265,/Users/anacristinaeguigurenburneo/Documents/Galapagos2023_Drone_Snapshots/Balaena_Callibrations/DJI_0166.MP4_00_03_47_vlc00001.png,DJI_0166.MP4,DJI_0166.MP4_00_03_47_vlc00001.png,3:47,141.5,0.001640625,13.8,pos_O,y
V2266,/Users/anacristinaeguigurenburneo/Documents/Galapagos2023_Drone_Snapshots/Balaena_Callibrations/DJI_0167.MP4_00_04_34_vlc00001.png,DJI_0167.MP4,DJI_0167.MP4_00_04_34_vlc00001.png,4:34,34.6,0.001640625,13.38,pos_O,y
V2267,/Users/anacristinaeguigurenburneo/Documents/Galapagos2023_Drone_Snapshots/Balaena_Callibrations/DJI_0167.MP4_00_04_43_vlc00003.png,DJI_0167.MP4,DJI_0167.MP4_00_04_43_vlc00003.png,4:43,33.6,0.001640625,13.31,pos_C,y
V2268,/Users/anacristinaeguigurenburneo/Documents/Galapagos2023_Drone_Snapshots/Balaena_Callibrations/DJI_0167.MP4_00_04_50_vlc00002.png,DJI_0167.MP4,DJI_0167.MP4_00_04_50_vlc00002.png,4:50,56,0.001640625,12.05,pos_C,y
V2269,/Users/anacristinaeguigurenburneo/Documents/Galapagos2023_Drone_Snapshots/Balaena_Callibrations/DJI_0167.MP4_00_04_53_vlc00004.png,DJI_0167.MP4,DJI_0167.MP4_00_04_53_vlc00004.png,4:53,34.3,0.001640625,13.12,pos_C,y
V2270,/Users/anacristinaeguigurenburneo/Documents/Galapagos2023_Drone_Snapshots/Balaena_Callibrations/DJI_0167.MP4_00_04_58_vlc00003.png,DJI_0167.MP4,DJI_0167.MP4_00_04_58_vlc00003.png,4:58,43.9,0.001640625,11.86,pos_C,y
V2271,/Users/anacristinaeguigurenburneo/Documents/Galapagos2023_Drone_Snapshots/Balaena_Callibrations/DJI_0171.MP4_00_00_07_vlc00001.png,DJI_0171.MP4,DJI_0171.MP4_00_00_07_vlc00001.png,0:07,50.1,0.001640625,13.13,pos_C,n
V2272,/Users/anacristinaeguigurenburneo/Documents/Galapagos2023_Drone_Snapshots/Balaena_Callibrations/DJI_0171.MP4_00_00_13_vlc00002.png,DJI_0171.MP4,DJI_0171.MP4_00_00_13_vlc00002.png,0:13,50.3,0.001640625,12.89,pos_C,n
V2273,/Users/anacristinaeguigurenburneo/Documents/Galapagos2023_Drone_Snapshots/Balaena_Callibrations/DJI_0171.MP4_00_00_15_vlc00003.png,DJI_0171.MP4,DJI_0171.MP4_00_00_15_vlc00003.png,0:15,50.3,0.001640625,13.01,pos_C,y
V2274,/Users/anacristinaeguigurenburneo/Documents/Galapagos2023_Drone_Snapshots/Balaena_Callibrations/DJI_0171.MP4_00_10_42_vlc00001.png,DJI_0171.MP4,DJI_0171.MP4_00_10_42_vlc00001.png,10:42,57.7,0.003229167,13.43,pos_O,n
V2275,/Users/anacristinaeguigurenburneo/Documents/Galapagos2023_Drone_Snapshots/Balaena_Callibrations/DJI_0172.MP4_00_10_46_vlc00001.png,DJI_0172.MP4,DJI_0172.MP4_00_10_46_vlc00001.png,10:46,54.5,0.003229167,12.57,pos_O,y
V2276,/Users/anacristinaeguigurenburneo/Documents/Galapagos2023_Drone_Snapshots/Balaena_Callibrations/DJI_0174.MP4_00_00_44_vlc00001.png,DJI_0174.MP4,DJI_0174.MP4_00_00_44_vlc00001.png,0:44,58.5,0.001640625,13.4,pos_C,n
V2277,/Users/anacristinaeguigurenburneo/Documents/Galapagos2023_Drone_Snapshots/Balaena_Callibrations/DJI_0177.MP4_00_00_04_vlc00001.png,DJI_0177.MP4,DJI_0177.MP4_00_00_04_vlc00001.png,0:04,51.4,0.001640625,13.48,pos_O,y
V2278,/Users/anacristinaeguigurenburneo/Documents/Galapagos2023_Drone_Snapshots/Balaena_Callibrations/DJI_0177.MP4_00_00_06_vlc00002.png,DJI_0177.MP4,DJI_0177.MP4_00_00_06_vlc00002.png,0:06,51.1,0.001640625,13.55,pos_C,y
V2279,/Users/anacristinaeguigurenburneo/Documents/Galapagos2023_Drone_Snapshots/Balaena_Callibrations/DJI_0177.MP4_00_00_22_vlc00003.png,DJI_0177.MP4,DJI_0177.MP4_00_00_22_vlc00003.png,0:22,50.5,0.001640625,13.42,pos_C,n
V2280,/Users/anacristinaeguigurenburneo/Documents/Galapagos2023_Drone_Snapshots/Balaena_Callibrations/DJI_0178.MP4_00_08_47_vlc00001.png,DJI_0178.MP4,DJI_0178.MP4_00_08_47_vlc00001.png,8:47,128,0.003229167,12.24,,y
V2281,/Users/anacristinaeguigurenburneo/Documents/Galapagos2023_Drone_Snapshots/Balaena_Callibrations/DJI_0180.MP4_00_09_18_vlc00001.png,DJI_0180.MP4,DJI_0180.MP4_00_09_18_vlc00001.png,9:18,71.7,0.003229167,12.81,pos_C,n
V2282,/Users/anacristinaeguigurenburneo/Documents/Galapagos2023_Drone_Snapshots/Balaena_Callibrations/DJI_0180.MP4_00_09_21_vlc00002.png,DJI_0180.MP4,DJI_0180.MP4_00_09_21_vlc00002.png,9:21,70.7,0.003229167,12.61,pos_C,y
V2283,/Users/anacristinaeguigurenburneo/Documents/Galapagos2023_Drone_Snapshots/Balaena_Callibrations/DJI_0180.MP4_00_09_25_vlc00003.png,DJI_0180.MP4,DJI_0180.MP4_00_09_25_vlc00003.png,9:25,71.4,0.003229167,12.61,pos_O,y
V2284,/Users/anacristinaeguigurenburneo/Documents/Galapagos2023_Drone_Snapshots/Balaena_Callibrations/DJI_0180.MP4_00_09_28_vlc00004.png,DJI_0180.MP4,DJI_0180.MP4_00_09_28_vlc00004.png,9:28,72,0.003229167,12.38,pos_O,y
V2285,/Users/anacristinaeguigurenburneo/Documents/Galapagos2023_Drone_Snapshots/Balaena_Callibrations/DJI_0180.MP4_00_09_40_vlc00005.png,DJI_0180.MP4,DJI_0180.MP4_00_09_40_vlc00005.png,9:40,71.9,0.003229167,12.17,pos_O,y
V2286,/Users/anacristinaeguigurenburneo/Documents/Galapagos2023_Drone_Snapshots/Balaena_Callibrations/DJI_0184.MP4_00_05_04_vlc00001.png,DJI_0184.MP4,DJI_0184.MP4_00_05_04_vlc00001.png,5:04,75.1,0.003229167,13.01,pos_O,y
V2287,/Users/anacristinaeguigurenburneo/Documents/Galapagos2023_Drone_Snapshots/Balaena_Callibrations/DJI_0184.MP4_00_05_06_vlc00002.png,DJI_0184.MP4,DJI_0184.MP4_00_05_06_vlc00002.png,5:06,74.1,0.003229167,12.06,pos_O,y
V2288,/Users/anacristinaeguigurenburneo/Documents/Galapagos2023_Drone_Snapshots/Balaena_Callibrations/DJI_0185.MP4_00_00_26_vlc00001.png,DJI_0185.MP4,DJI_0185.MP4_00_00_26_vlc00001.png,0:26,31.2,0.001640625,12.73,pos_C,n
V2289,/Users/anacristinaeguigurenburneo/Documents/Galapagos2023_Drone_Snapshots/Balaena_Callibrations/DJI_0185.MP4_00_00_31_vlc00003.png,DJI_0185.MP4,DJI_0185.MP4_00_00_31_vlc00003.png,0:31,30.8,0.001640625,12.85,pos_C,n
V2290,/Users/anacristinaeguigurenburneo/Documents/Galapagos2023_Drone_Snapshots/Balaena_Callibrations/DJI_0185.MP4_00_00_38_vlc00004.png,DJI_0185.MP4,DJI_0185.MP4_00_00_38_vlc00004.png,0:38,31,0.001640625,13.16,pos_C,n
V2291,/Users/anacristinaeguigurenburneo/Documents/Galapagos2023_Drone_Snapshots/Balaena_Callibrations/DJI_0185.MP4_00_00_40_vlc00005.png,DJI_0185.MP4,DJI_0185.MP4_00_00_40_vlc00005.png,0:40,30.9,0.001640625,12.93,pos_C,y
V2292,/Users/anacristinaeguigurenburneo/Documents/Galapagos2023_Drone_Snapshots/Balaena_Callibrations/DJI_0185.MP4_00_00_45_vlc00006.png,DJI_0185.MP4,DJI_0185.MP4_00_00_45_vlc00006.png,0:45,31,0.001640625,12.87,pos_C,n
V2293,/Users/anacristinaeguigurenburneo/Documents/Galapagos2023_Drone_Snapshots/Balaena_Callibrations/DJI_0187.MP4_00_05_27_vlc00001.png,DJI_0187.MP4,DJI_0187.MP4_00_05_27_vlc00001.png,5:27,50.8,0.001640625,13.29,pos_C,n
V2294,/Users/anacristinaeguigurenburneo/Documents/Galapagos2023_Drone_Snapshots/Balaena_Callibrations/DJI_0189.MP4_00_07_57_vlc00001.png,DJI_0189.MP4,DJI_0189.MP4_00_07_57_vlc00001.png,7:57,111.3,0.003229167,13.6,pos_O,y
V2295,/Users/anacristinaeguigurenburneo/Documents/Galapagos2023_Drone_Snapshots/Balaena_Callibrations/DJI_0189.MP4_00_07_59_vlc00002.png,DJI_0189.MP4,DJI_0189.MP4_00_07_59_vlc00002.png,7:59,109.1,0.003229167,12.92,pos_O,y
V2296,/Users/anacristinaeguigurenburneo/Documents/Galapagos2023_Drone_Snapshots/Balaena_Callibrations/DJI_0190.MP4_00_05_15_vlc00001.png,DJI_0190.MP4,DJI_0190.MP4_00_05_15_vlc00001.png,5:15,35.6,0.001640625,13.51,pos_O,y
V2297,/Users/anacristinaeguigurenburneo/Documents/Galapagos2023_Drone_Snapshots/Balaena_Callibrations/DJI_0190.MP4_00_05_17_vlc00002.png,DJI_0190.MP4,DJI_0190.MP4_00_05_17_vlc00002.png,5:17,35.5,0.001640625,13.67,pos_O,y
V2298,/Users/anacristinaeguigurenburneo/Documents/Galapagos2023_Drone_Snapshots/Balaena_Callibrations/DJI_0190.MP4_00_05_25_vlc00003.png,DJI_0190.MP4,DJI_0190.MP4_00_05_25_vlc00003.png,5:25,35.6,0.001640625,13.08,pos_C,y
V2299,/Users/anacristinaeguigurenburneo/Documents/Galapagos2023_Drone_Snapshots/Balaena_Callibrations/DJI_0191.MP4_00_00_08_vlc00001.png,DJI_0191.MP4,DJI_0191.MP4_00_00_08_vlc00001.png,0:08,35.3,0.001640625,13.63,pos_C,n
V2300,/Users/anacristinaeguigurenburneo/Documents/Galapagos2023_Drone_Snapshots/Balaena_Callibrations/DJI_0193.MP4_00_03_31_vlc00001.png,DJI_0193.MP4,DJI_0193.MP4_00_03_31_vlc00001.png,3:31,31.2,0.001640625,13.22,pos_C,y
V2301,/Users/anacristinaeguigurenburneo/Documents/Galapagos2023_Drone_Snapshots/Balaena_Callibrations/DJI_0194.MP4_00_07_54_vlc00001.png,DJI_0194.MP4,DJI_0194.MP4_00_07_54_vlc00001.png,7:54,31.4,0.003229167,12.17,pos_O,y
V2302,/Users/anacristinaeguigurenburneo/Documents/Galapagos2023_Drone_Snapshots/Balaena_Callibrations/DJI_0194.MP4_00_07_57_vlc00002.png,DJI_0194.MP4,DJI_0194.MP4_00_07_57_vlc00002.png,7:57,30.6,0.003229167,12.03,pos_O,y
V2303,/Users/anacristinaeguigurenburneo/Documents/Galapagos2023_Drone_Snapshots/Balaena_Callibrations/DJI_0194.MP4_00_08_01_vlc00003.png,DJI_0194.MP4,DJI_0194.MP4_00_08_01_vlc00003.png,8:01,30.4,0.003229167,12.13,pos_C,y
V2304,/Users/anacristinaeguigurenburneo/Documents/Galapagos2023_Drone_Snapshots/Balaena_Callibrations/DJI_0194.MP4_00_08_04_vlc00004.png,DJI_0194.MP4,DJI_0194.MP4_00_08_04_vlc00004.png,8:04,29.9,0.003229167,12.37,pos_C,n
V2305,/Users/anacristinaeguigurenburneo/Documents/Galapagos2023_Drone_Snapshots/Balaena_Callibrations/DJI_0194.MP4_00_08_08_vlc00005.png,DJI_0194.MP4,DJI_0194.MP4_00_08_08_vlc00005.png,8:08,30.4,0.003229167,12.08,pos_C,n
V2306,/Users/anacristinaeguigurenburneo/Documents/Galapagos2023_Drone_Snapshots/Balaena_Callibrations/DJI_0195.MP4_00_06_07_vlc00001.png,DJI_0195.MP4,DJI_0195.MP4_00_06_07_vlc00001.png,6:07,31.8,0.003229167,12.1,pos_O,y
V2307,/Users/anacristinaeguigurenburneo/Documents/Galapagos2023_Drone_Snapshots/Balaena_Callibrations/DJI_0195.MP4_00_06_11_vlc00001.png,DJI_0195.MP4,DJI_0195.MP4_00_06_11_vlc00001.png,6:11,31.6,0.003229167,12.26,pos_O,y
V2308,/Users/anacristinaeguigurenburneo/Documents/Galapagos2023_Drone_Snapshots/Balaena_Callibrations/DJI_0195.MP4_00_06_15_vlc00002.png,DJI_0195.MP4,DJI_0195.MP4_00_06_15_vlc00002.png,6:15,30.7,0.003229167,12.3,pos_O,y
V2309,/Users/anacristinaeguigurenburneo/Documents/Galapagos2023_Drone_Snapshots/Balaena_Callibrations/DJI_0195.MP4_00_06_19_vlc00003.png,DJI_0195.MP4,DJI_0195.MP4_00_06_19_vlc00003.png,6:19,30.3,0.003229167,12.17,pos_O,y
V2310,/Users/anacristinaeguigurenburneo/Documents/Galapagos2023_Drone_Snapshots/Balaena_Callibrations/DJI_0197.MP4_00_04_19_vlc00001.png,DJI_0197.MP4,DJI_0197.MP4_00_04_19_vlc00001.png,4:19,53.9,0.001640625,12.93,pos_O,y
V2311,/Users/anacristinaeguigurenburneo/Documents/Galapagos2023_Drone_Snapshots/Balaena_Callibrations/DJI_0197.MP4_00_04_26_vlc00002.png,DJI_0197.MP4,DJI_0197.MP4_00_04_26_vlc00002.png,4:26,51.3,0.001640625,12.67,pos_O,y
V2312,/Users/anacristinaeguigurenburneo/Documents/Galapagos2023_Drone_Snapshots/Balaena_Callibrations/DJI_0197.MP4_00_04_30_vlc00003.png,DJI_0197.MP4,DJI_0197.MP4_00_04_30_vlc00003.png,4:30,50.7,0.001640625,12.66,pos_C,y
V2313,/Users/anacristinaeguigurenburneo/Documents/Galapagos2023_Drone_Snapshots/Balaena_Callibrations/DJI_0197.MP4_00_04_34_vlc00004.png,DJI_0197.MP4,DJI_0197.MP4_00_04_34_vlc00004.png,4:34,50.8,0.001640625,12.73,pos_O,y
V2314,/Users/anacristinaeguigurenburneo/Documents/Galapagos2023_Drone_Snapshots/Balaena_Callibrations/DJI_0197.MP4_00_04_39_vlc00005.png,DJI_0197.MP4,DJI_0197.MP4_00_04_39_vlc00005.png,4:39,51.7,0.001640625,12.9,pos_C,y
V2315,/Users/anacristinaeguigurenburneo/Documents/Galapagos2023_Drone_Snapshots/Balaena_Callibrations/DJI_0197.MP4_00_04_43_vlc00006.png,DJI_0197.MP4,DJI_0197.MP4_00_04_43_vlc00006.png,4:43,51.4,0.001640625,12.57,pos_C,y
V2316,/Users/anacristinaeguigurenburneo/Documents/Galapagos2023_Drone_Snapshots/Balaena_Callibrations/DJI_0197.MP4_00_04_47_vlc00007.png,DJI_0197.MP4,DJI_0197.MP4_00_04_47_vlc00007.png,4:47,51.3,0.001640625,12.65,pos_C,y
V2317,/Users/anacristinaeguigurenburneo/Documents/Galapagos2023_Drone_Snapshots/Balaena_Callibrations/DJI_0199.MP4_00_01_14_vlc00001.png,DJI_0199.MP4,DJI_0199.MP4_00_01_14_vlc00001.png,1:14,51.4,0.001640625,12.91,pos_C,n
V2318,/Users/anacristinaeguigurenburneo/Documents/Galapagos2023_Drone_Snapshots/Balaena_Callibrations/DJI_0199.MP4_00_01_18_vlc00002.png,DJI_0199.MP4,DJI_0199.MP4_00_01_18_vlc00002.png,1:18,51.2,0.001640625,12.88,pos_C,n
V2319,/Users/anacristinaeguigurenburneo/Documents/Galapagos2023_Drone_Snapshots/Balaena_Callibrations/DJI_0199.MP4_00_01_25_vlc00003.png,DJI_0199.MP4,DJI_0199.MP4_00_01_25_vlc00003.png,1:25,50.9,0.001640625,12.6,pos_O,y
V2320,/Users/anacristinaeguigurenburneo/Documents/Galapagos2023_Drone_Snapshots/Balaena_Callibrations/DJI_0199.MP4_00_01_32_vlc00004.png,DJI_0199.MP4,DJI_0199.MP4_00_01_32_vlc00004.png,1:32,50.9,0.001640625,13.03,pos_C,n
V2321,/Users/anacristinaeguigurenburneo/Documents/Galapagos2023_Drone_Snapshots/Balaena_Callibrations/DJI_0199.MP4_00_01_35_vlc00005.png,DJI_0199.MP4,DJI_0199.MP4_00_01_35_vlc00005.png,1:35,49.9,0.001640625,12.86,pos_C,n
V2322,/Users/anacristinaeguigurenburneo/Documents/Galapagos2023_Drone_Snapshots/Balaena_Callibrations/DJI_0201.MP4_00_03_22_vlc00001.png,DJI_0201.MP4,DJI_0201.MP4_00_03_22_vlc00001.png,3:22,45.5,0.001640625,13.77,pos_C,n
V2323,/Users/anacristinaeguigurenburneo/Documents/Galapagos2023_Drone_Snapshots/Balaena_Callibrations/DJI_0201.MP4_00_05_26_vlc00001.png,DJI_0201.MP4,DJI_0201.MP4_00_05_26_vlc00001.png,5:26,43.8,0.001640625,12.64,pos_O,y
V2324,/Users/anacristinaeguigurenburneo/Documents/Galapagos2023_Drone_Snapshots/Balaena_Callibrations/DJI_0202.MP4_00_00_09_vlc00001.png,DJI_0202.MP4,DJI_0202.MP4_00_00_09_vlc00001.png,0:09,43.3,0.001640625,12.56,pos_C,n
V2325,/Users/anacristinaeguigurenburneo/Documents/Galapagos2023_Drone_Snapshots/Balaena_Callibrations/DJI_0205.MP4_00_00_05_vlc00001.png,DJI_0205.MP4,DJI_0205.MP4_00_00_05_vlc00001.png,0:05,42.8,0.001640625,12.72,pos_O,y
V2326,/Users/anacristinaeguigurenburneo/Documents/Galapagos2023_Drone_Snapshots/Balaena_Callibrations/DJI_0205.MP4_00_00_21_vlc00002.png,DJI_0205.MP4,DJI_0205.MP4_00_00_21_vlc00002.png,0:21,40.8,0.001640625,12.88,pos_C,n
V2327,/Users/anacristinaeguigurenburneo/Documents/Galapagos2023_Drone_Snapshots/Balaena_Callibrations/DJI_0205.MP4_00_00_24_vlc00003.png,DJI_0205.MP4,DJI_0205.MP4_00_00_24_vlc00003.png,0:24,39.7,0.001640625,12.05,pos_C,n
V2328,/Users/anacristinaeguigurenburneo/Documents/Galapagos2023_Drone_Snapshots/Balaena_Callibrations/DJI_0205.MP4_00_00_27_vlc00004.png,DJI_0205.MP4,DJI_0205.MP4_00_00_27_vlc00004.png,0:27,40.3,0.001640625,12.5,pos_C,y
V2329,/Users/anacristinaeguigurenburneo/Documents/Galapagos2023_Drone_Snapshots/Balaena_Callibrations/DJI_0205.MP4_00_00_29_vlc00005.png,DJI_0205.MP4,DJI_0205.MP4_00_00_29_vlc00005.png,0:29,40.3,0.001640625,12.69,pos_C,n
V2330,/Users/anacristinaeguigurenburneo/Documents/Galapagos2023_Drone_Snapshots/Balaena_Callibrations/DJI_0205.MP4_00_00_31_vlc00006.png,DJI_0205.MP4,DJI_0205.MP4_00_00_31_vlc00006.png,0:31,40.1,0.001640625,12.46,pos_C,n
V2331,/Users/anacristinaeguigurenburneo/Documents/Galapagos2023_Drone_Snapshots/Balaena_Callibrations/DJI_0205.MP4_00_00_36_vlc00007.png,DJI_0205.MP4,DJI_0205.MP4_00_00_36_vlc00007.png,0:36,40,0.001640625,12.65,pos_C,y
V2332,/Users/anacristinaeguigurenburneo/Documents/Galapagos2023_Drone_Snapshots/Balaena_Callibrations/DJI_0205.MP4_00_00_38_vlc00008.png,DJI_0205.MP4,DJI_0205.MP4_00_00_38_vlc00008.png,0:38,40.2,0.001640625,12.26,pos_C,n
V2333,/Users/anacristinaeguigurenburneo/Documents/Galapagos2023_Drone_Snapshots/Balaena_Callibrations/DJI_0207.MP4_00_04_01_vlc00001.png,DJI_0207.MP4,DJI_0207.MP4_00_04_01_vlc00001.png,4:01,120.3,0.001640625,12.89,pos_O,n
V2334,/Users/anacristinaeguigurenburneo/Documents/Galapagos2023_Drone_Snapshots/Balaena_Callibrations/DJI_0208.MP4_00_00_21_vlc00001.png,DJI_0208.MP4,DJI_0208.MP4_00_00_21_vlc00001.png,0:21,48.1,0.001640625,12.85,pos_C,n
V2335,/Users/anacristinaeguigurenburneo/Documents/Galapagos2023_Drone_Snapshots/Balaena_Callibrations/DJI_0208.MP4_00_00_30_vlc00002.png,DJI_0208.MP4,DJI_0208.MP4_00_00_30_vlc00002.png,0:30,46.6,0.001640625,12.74,pos_C,n
V2336,/Users/anacristinaeguigurenburneo/Documents/Galapagos2023_Drone_Snapshots/Balaena_Callibrations/DJI_0208.MP4_00_00_34_vlc00003.png,DJI_0208.MP4,DJI_0208.MP4_00_00_34_vlc00003.png,0:34,47.4,0.001640625,12.9,pos_C,n
V2337,/Users/anacristinaeguigurenburneo/Documents/Galapagos2023_Drone_Snapshots/Balaena_Callibrations/DJI_0208.MP4_00_00_36_vlc00004.png,DJI_0208.MP4,DJI_0208.MP4_00_00_36_vlc00004.png,0:36,47.4,0.001640625,13.11,pos_C,n
V2338,/Users/anacristinaeguigurenburneo/Documents/Galapagos2023_Drone_Snapshots/Balaena_Callibrations/DJI_0211.MP4_00_00_02_vlc00001.png,DJI_0211.MP4,DJI_0211.MP4_00_00_02_vlc00001.png,0:02,120.5,0.001640625,13.39,pos_C,n
V2339,/Users/anacristinaeguigurenburneo/Documents/Galapagos2023_Drone_Snapshots/Balaena_Callibrations/DJI_0211.MP4_00_04_10_vlc00001.png,DJI_0211.MP4,DJI_0211.MP4_00_04_10_vlc00001.png,4:10,55.8,0.001640625,13.18,pos_C,n
V2340,/Users/anacristinaeguigurenburneo/Documents/Galapagos2023_Drone_Snapshots/Balaena_Callibrations/DJI_0211.MP4_00_04_13_vlc00002.png,DJI_0211.MP4,DJI_0211.MP4_00_04_13_vlc00002.png,4:13,55.7,0.001640625,13.24,pos_O,n
V2341,/Users/anacristinaeguigurenburneo/Documents/Galapagos2023_Drone_Snapshots/Balaena_Callibrations/DJI_0211.MP4_00_04_16_vlc00003.png,DJI_0211.MP4,DJI_0211.MP4_00_04_16_vlc00003.png,4:16,55.7,0.001640625,13.32,pos_C,y
V2342,/Users/anacristinaeguigurenburneo/Documents/Galapagos2023_Drone_Snapshots/Balaena_Callibrations/DJI_0214.MP4_00_00_54_vlc00001.png,DJI_0214.MP4,DJI_0214.MP4_00_00_54_vlc00001.png,0:54,43.6,0.001640625,13.41,pos_C,n
V2343,/Users/anacristinaeguigurenburneo/Documents/Galapagos2023_Drone_Snapshots/Balaena_Callibrations/DJI_0214.MP4_00_01_00_vlc00002.png,DJI_0214.MP4,DJI_0214.MP4_00_01_00_vlc00002.png,1:00,42.8,0.001640625,12.66,pos_C,y
V2344,/Users/anacristinaeguigurenburneo/Documents/Galapagos2023_Drone_Snapshots/Balaena_Callibrations/DJI_0214.MP4_00_01_05_vlc00004.png,DJI_0214.MP4,DJI_0214.MP4_00_01_05_vlc00004.png,1:05,42.9,0.001640625,12.62,pos_C,y
V2345,/Users/anacristinaeguigurenburneo/Documents/Galapagos2023_Drone_Snapshots/Balaena_Callibrations/DJI_0214.MP4_00_01_08_vlc00005.png,DJI_0214.MP4,DJI_0214.MP4_00_01_08_vlc00005.png,1:08,42.8,0.001640625,12.82,pos_C,n
V2346,/Users/anacristinaeguigurenburneo/Documents/Galapagos2023_Drone_Snapshots/Balaena_Callibrations/DJI_0214.MP4_00_05_03_vlc00002.png,DJI_0214.MP4,DJI_0214.MP4_00_05_03_vlc00002.png,5:03,51.5,0.001640625,12.75,pos_O,y
V2347,/Users/anacristinaeguigurenburneo/Documents/Galapagos2023_Drone_Snapshots/Balaena_Callibrations/DJI_0216.MP4_00_04_59_vlc00001.png,DJI_0216.MP4,DJI_0216.MP4_00_04_59_vlc00001.png,4:59,48.4,0.001640625,13.48,pos_C,n
V2348,/Users/anacristinaeguigurenburneo/Documents/Galapagos2023_Drone_Snapshots/Balaena_Callibrations/DJI_0216.MP4_00_05_07_vlc00002.png,DJI_0216.MP4,DJI_0216.MP4_00_05_07_vlc00002.png,5:07,44.4,0.001640625,12.85,pos_C,n
V2349,/Users/anacristinaeguigurenburneo/Documents/Galapagos2023_Drone_Snapshots/Balaena_Callibrations/DJI_0216.MP4_00_05_09_vlc00003.png,DJI_0216.MP4,DJI_0216.MP4_00_05_09_vlc00003.png,5:09,44.4,0.001640625,12.83,pos_C,n
V2350,/Users/anacristinaeguigurenburneo/Documents/Galapagos2023_Drone_Snapshots/Balaena_Callibrations/DJI_0220.MP4_00_03_16_vlc00001.png,DJI_0220.MP4,DJI_0220.MP4_00_03_16_vlc00001.png,3:16,85,0.001640625,13.71,pos_O,y
V2351,/Users/anacristinaeguigurenburneo/Documents/Galapagos2023_Drone_Snapshots/Balaena_Callibrations/DJI_0220.MP4_00_03_18_vlc00002.png,DJI_0220.MP4,DJI_0220.MP4_00_03_18_vlc00002.png,3:18,84.7,0.001640625,13.66,pos_O,n
V2352,/Users/anacristinaeguigurenburneo/Documents/Galapagos2023_Drone_Snapshots/Balaena_Callibrations/DJI_0223.MP4_00_05_20_vlc00001.png,DJI_0223.MP4,DJI_0223.MP4_00_05_20_vlc00001.png,5:20,78.4,0.001640625,13.49,pos_C,n
V2353,/Users/anacristinaeguigurenburneo/Documents/Galapagos2023_Drone_Snapshots/Balaena_Callibrations/DJI_0224.MP4_00_00_16_vlc00001.png,DJI_0224.MP4,DJI_0224.MP4_00_00_16_vlc00001.png,0:16,42.5,0.001640625,12.74,pos_C,n
V2354,/Users/anacristinaeguigurenburneo/Documents/Galapagos2023_Drone_Snapshots/Balaena_Callibrations/DJI_0242.MP4_00_00_06_vlc00001.png,DJI_0242.MP4,DJI_0242.MP4_00_00_06_vlc00001.png,0:06,32.9,0.001640625,13.12,pos_O,n
V2355,/Users/anacristinaeguigurenburneo/Documents/Galapagos2023_Drone_Snapshots/Balaena_Callibrations/DJI_0242.MP4_00_00_09_vlc00002.png,DJI_0242.MP4,DJI_0242.MP4_00_00_09_vlc00002.png,0:09,31.7,0.001640625,12.56,pos_O,n
V2356,/Users/anacristinaeguigurenburneo/Documents/Galapagos2023_Drone_Snapshots/Balaena_Callibrations/DJI_0242.MP4_00_00_11_vlc00003.png,DJI_0242.MP4,DJI_0242.MP4_00_00_11_vlc00003.png,0:11,32.3,0.001640625,12.01,pos_C,n
V2357,/Users/anacristinaeguigurenburneo/Documents/Galapagos2023_Drone_Snapshots/Balaena_Callibrations/DJI_0242.MP4_00_00_15_vlc00004.png,DJI_0242.MP4,DJI_0242.MP4_00_00_15_vlc00004.png,0:15,33.1,0.001640625,12.77,pos_C,n
V2358,/Users/anacristinaeguigurenburneo/Documents/Galapagos2023_Drone_Snapshots/Balaena_Callibrations/DJI_0242.MP4_00_00_18_vlc00005.png,DJI_0242.MP4,DJI_0242.MP4_00_00_18_vlc00005.png,0:18,32.3,0.001640625,12.76,pos_C,y
V2359,/Users/anacristinaeguigurenburneo/Documents/Galapagos2023_Drone_Snapshots/Balaena_Callibrations/DJI_0242.MP4_00_00_24_vlc00006.png,DJI_0242.MP4,DJI_0242.MP4_00_00_24_vlc00006.png,0:24,33.3,0.001640625,12.84,pos_C,y
V2360,/Users/anacristinaeguigurenburneo/Documents/Galapagos2023_Drone_Snapshots/Balaena_Callibrations/DJI_0245.MP4_00_04_06_vlc00001.png,DJI_0245.MP4,DJI_0245.MP4_00_04_06_vlc00001.png,4:06,52.5,0.001640625,12.93,pos_O,n
V2361,/Users/anacristinaeguigurenburneo/Documents/Galapagos2023_Drone_Snapshots/Balaena_Callibrations/DJI_0245.MP4_00_04_17_vlc00003.png,DJI_0245.MP4,DJI_0245.MP4_00_04_17_vlc00003.png,4:17,37.2,0.001640625,13.06,pos_O,y
V2362,/Users/anacristinaeguigurenburneo/Documents/Galapagos2023_Drone_Snapshots/Balaena_Callibrations/DJI_0247.MP4_00_04_08_vlc00001.png,DJI_0247.MP4,DJI_0247.MP4_00_04_08_vlc00001.png,4:08,49.1,0.001640625,13.26,pos_O ,n
V2363,/Users/anacristinaeguigurenburneo/Documents/Galapagos2023_Drone_Snapshots/Balaena_Callibrations/DJI_0247.MP4_00_04_10_vlc00002.png,DJI_0247.MP4,DJI_0247.MP4_00_04_10_vlc00002.png,4:10,47.4,0.001640625,13.16,pos_O ,n
V2364,/Users/anacristinaeguigurenburneo/Documents/Galapagos2023_Drone_Snapshots/Balaena_Callibrations/DJI_0249.MP4_00_00_26_vlc00003.png,DJI_0249.MP4,DJI_0249.MP4_00_00_26_vlc00003.png,0:26,35.6,0.001640625,12.86,pos_C,n
V2365,/Users/anacristinaeguigurenburneo/Documents/Galapagos2023_Drone_Snapshots/Balaena_Callibrations/DJI_0252.MP4_00_09_35_vlc00001.png,DJI_0252.MP4,DJI_0252.MP4_00_09_35_vlc00001.png,9:35,42.4,0.001640625,13.2,pos_C,n
V2366,/Users/anacristinaeguigurenburneo/Documents/Galapagos2023_Drone_Snapshots/Balaena_Callibrations/DJI_0256.MP4_00_02_01_vlc00001.png,DJI_0256.MP4,DJI_0256.MP4_00_02_01_vlc00001.png,2:01,30.9,0.001640625,12.1,pos_C,y
V2367,/Users/anacristinaeguigurenburneo/Documents/Galapagos2023_Drone_Snapshots/Balaena_Callibrations/DJI_0259.MP4_00_00_04_vlc00001.png,DJI_0259.MP4,DJI_0259.MP4_00_00_04_vlc00001.png,0:04,30.7,0.001640625,12.44,pos_O,y
V2368,/Users/anacristinaeguigurenburneo/Documents/Galapagos2023_Drone_Snapshots/Balaena_Callibrations/DJI_0259.MP4_00_00_07_vlc00002.png,DJI_0259.MP4,DJI_0259.MP4_00_00_07_vlc00002.png,0:07,30.5,0.001640625,12.33,pos_O,y
V2369,/Users/anacristinaeguigurenburneo/Documents/Galapagos2023_Drone_Snapshots/Balaena_Callibrations/DJI_0259.MP4_00_00_10_vlc00003.png,DJI_0259.MP4,DJI_0259.MP4_00_00_10_vlc00003.png,0:10,30.8,0.001640625,12.39,pos_C,y
V2370,/Users/anacristinaeguigurenburneo/Documents/Galapagos2023_Drone_Snapshots/Balaena_Callibrations/DJI_0259.MP4_00_00_15_vlc00004.png,DJI_0259.MP4,DJI_0259.MP4_00_00_15_vlc00004.png,0:15,30.2,0.001640625,12.44,pos_C,y
V2371,/Users/anacristinaeguigurenburneo/Documents/Galapagos2023_Drone_Snapshots/Balaena_Callibrations/DJI_0259.MP4_00_04_05_vlc00001.png,DJI_0259.MP4,DJI_0259.MP4_00_04_05_vlc00001.png,4:05,72.2,0.001640625,13.9,pos_C,n
V2372,/Users/anacristinaeguigurenburneo/Documents/Galapagos2023_Drone_Snapshots/Balaena_Callibrations/DJI_0259.MP4_00_04_10_vlc00002.png,DJI_0259.MP4,DJI_0259.MP4_00_04_10_vlc00002.png,4:10,69,0.001640625,13.6,pos_C,n
V2373,/Users/anacristinaeguigurenburneo/Documents/Galapagos2023_Drone_Snapshots/Balaena_Callibrations/DJI_0261.MP4_00_02_23_vlc00001.png,DJI_0261.MP4,DJI_0261.MP4_00_02_23_vlc00001.png,2:23,31.2,0.001640625,12.9,pos_C,n
V2374,/Users/anacristinaeguigurenburneo/Documents/Galapagos2023_Drone_Snapshots/Balaena_Callibrations/DJI_0261.MP4_00_02_26_vlc00002.png,DJI_0261.MP4,DJI_0261.MP4_00_02_26_vlc00002.png,2:26,30.3,0.001640625,12.48,pos_C,y
V2375,/Users/anacristinaeguigurenburneo/Documents/Galapagos2023_Drone_Snapshots/Balaena_Callibrations/DJI_0261.MP4_00_02_29_vlc00003.png,DJI_0261.MP4,DJI_0261.MP4_00_02_29_vlc00003.png,2:29,30.4,0.001640625,12.86,pos_C,n
V2376,/Users/anacristinaeguigurenburneo/Documents/Galapagos2023_Drone_Snapshots/Balaena_Callibrations/DJI_0261.MP4_00_02_32_vlc00004.png,DJI_0261.MP4,DJI_0261.MP4_00_02_32_vlc00004.png,2:32,30.6,0.001640625,13.04,pos_C,n
V2377,/Users/anacristinaeguigurenburneo/Documents/Galapagos2023_Drone_Snapshots/Balaena_Callibrations/DJI_0261.MP4_00_04_48_vlc00002.png,DJI_0261.MP4,DJI_0261.MP4_00_04_48_vlc00002.png,4:48,28.5,0.001640625,12.84,pos_O,y
V2378,/Users/anacristinaeguigurenburneo/Documents/Galapagos2023_Drone_Snapshots/Balaena_Callibrations/DJI_0261.MP4_00_04_53_vlc00003.png,DJI_0261.MP4,DJI_0261.MP4_00_04_53_vlc00003.png,4:53,28.6,0.001640625,13.39,pos_O,y
V2379,/Users/anacristinaeguigurenburneo/Documents/Galapagos2023_Drone_Snapshots/Balaena_Callibrations/DJI_0263.MP4_00_02_42_vlc00001.png,DJI_0263.MP4,DJI_0263.MP4_00_02_42_vlc00001.png,2:42,120.1,0.001640625,11.73,pos_C,y
V2380,/Users/anacristinaeguigurenburneo/Documents/Galapagos2023_Drone_Snapshots/Balaena_Callibrations/DJI_0263.MP4_00_02_46_vlc00002.png,DJI_0263.MP4,DJI_0263.MP4_00_02_46_vlc00002.png,2:46,120,0.001640625,10.94,pos_C,y
V2381,/Users/anacristinaeguigurenburneo/Documents/Galapagos2023_Drone_Snapshots/Balaena_Callibrations/DJI_0264.MP4_00_03_36_vlc00001.png,DJI_0264.MP4,DJI_0264.MP4_00_03_36_vlc00001.png,3:36,51.9,0.001640625,14.34,pos_O,y
V2382,/Users/anacristinaeguigurenburneo/Documents/Galapagos2023_Drone_Snapshots/Balaena_Callibrations/DJI_0264.MP4_00_03_39_vlc00002.png,DJI_0264.MP4,DJI_0264.MP4_00_03_39_vlc00002.png,3:39,50.3,0.001640625,13.42,pos_O,y
V2383,/Users/anacristinaeguigurenburneo/Documents/Galapagos2023_Drone_Snapshots/Balaena_Callibrations/DJI_0264.MP4_00_05_05_vlc00001.png,DJI_0264.MP4,DJI_0264.MP4_00_05_05_vlc00001.png,5:05,30.2,0.001640625,12.59,pos_C,n
V2384,/Users/anacristinaeguigurenburneo/Documents/Galapagos2023_Drone_Snapshots/Balaena_Callibrations/DJI_0264.MP4_00_05_10_vlc00002.png,DJI_0264.MP4,DJI_0264.MP4_00_05_10_vlc00002.png,5:10,30.6,0.001640625,12.65,pos_C,n
V2385,/Users/anacristinaeguigurenburneo/Documents/Galapagos2023_Drone_Snapshots/Balaena_Callibrations/DJI_0264.MP4_00_05_13_vlc00003.png,DJI_0264.MP4,DJI_0264.MP4_00_05_13_vlc00003.png,5:13,30,0.001640625,12.26,pos_C,y
V2386,/Users/anacristinaeguigurenburneo/Documents/Galapagos2023_Drone_Snapshots/Balaena_Callibrations/DJI_0264.MP4_00_05_16_vlc00004.png,DJI_0264.MP4,DJI_0264.MP4_00_05_16_vlc00004.png,5:16,30.1,0.001640625,12.35,pos_C,n
V2387,/Users/anacristinaeguigurenburneo/Documents/Galapagos2023_Drone_Snapshots/Balaena_Callibrations/DJI_0264.MP4_00_05_20_vlc00005.png,DJI_0264.MP4,DJI_0264.MP4_00_05_20_vlc00005.png,5:20,29.6,0.001640625,12.56,pos_C,n
V2388,/Users/anacristinaeguigurenburneo/Documents/Galapagos2023_Drone_Snapshots/Balaena_Callibrations/DJI_0268.MP4_00_00_05_vlc00001.png,DJI_0268.MP4,DJI_0268.MP4_00_00_05_vlc00001.png,0:05,56,0.001640625,14.36,pos_O,n
V2389,/Users/anacristinaeguigurenburneo/Documents/Galapagos2023_Drone_Snapshots/Balaena_Callibrations/DJI_0268.MP4_00_00_07_vlc00002.png,DJI_0268.MP4,DJI_0268.MP4_00_00_07_vlc00002.png,0:07,54.5,0.001640625,13.65,pos_C,n
V2390,/Users/anacristinaeguigurenburneo/Documents/Galapagos2023_Drone_Snapshots/Balaena_Callibrations/DJI_0268.MP4_00_00_10_vlc00003.png,DJI_0268.MP4,DJI_0268.MP4_00_00_10_vlc00003.png,0:10,55.9,0.001640625,13.79,pos_C,n
V2391,/Users/anacristinaeguigurenburneo/Documents/Galapagos2023_Drone_Snapshots/Balaena_Callibrations/DJI_0268.MP4_00_00_14_vlc00004.png,DJI_0268.MP4,DJI_0268.MP4_00_00_14_vlc00004.png,0:14,55.3,0.001640625,13.71,pos_C,n
V2392,/Users/anacristinaeguigurenburneo/Documents/Galapagos2023_Drone_Snapshots/Balaena_Callibrations/DJI_0268.MP4_00_00_18_vlc00005.png,DJI_0268.MP4,DJI_0268.MP4_00_00_18_vlc00005.png,0:18,55.7,0.001640625,14.02,pos_C,y
V2393,/Users/anacristinaeguigurenburneo/Documents/Galapagos2023_Drone_Snapshots/Balaena_Callibrations/DJI_0268.MP4_00_00_32_vlc00001.png,DJI_0268.MP4,DJI_0268.MP4_00_00_32_vlc00001.png,0:32,51.1,0.001640625,13.45,pos_O,y
V2394,/Users/anacristinaeguigurenburneo/Documents/Galapagos2023_Drone_Snapshots/Balaena_Callibrations/DJI_0268.MP4_00_00_35_vlc00002.png,DJI_0268.MP4,DJI_0268.MP4_00_00_35_vlc00002.png,0:35,49.8,0.001640625,12.79,pos_O,y
V2395,/Users/anacristinaeguigurenburneo/Documents/Galapagos2023_Drone_Snapshots/Balaena_Callibrations/DJI_0268.MP4_00_00_37_vlc00003.png,DJI_0268.MP4,DJI_0268.MP4_00_00_37_vlc00003.png,0:37,50.7,0.001640625,13.09,pos_O,y
V2396,/Users/anacristinaeguigurenburneo/Documents/Galapagos2023_Drone_Snapshots/Balaena_Callibrations/DJI_0268.MP4_00_00_46_vlc00004.png,DJI_0268.MP4,DJI_0268.MP4_00_00_46_vlc00004.png,0:46,51.7,0.001640625,13.36,pos_C,n
V2397,/Users/anacristinaeguigurenburneo/Documents/Galapagos2023_Drone_Snapshots/Balaena_Callibrations/DJI_0268.MP4_00_00_48_vlc00005.png,DJI_0268.MP4,DJI_0268.MP4_00_00_48_vlc00005.png,0:48,50.3,0.001640625,13.03,pos_C,y
V2398,/Users/anacristinaeguigurenburneo/Documents/Galapagos2023_Drone_Snapshots/Balaena_Callibrations/DJI_0272.MP4_00_05_11_vlc00001.png,DJI_0272.MP4,DJI_0272.MP4_00_05_11_vlc00001.png,5:11,29.6,0.001640625,12.64,pos_O,y
V2399,/Users/anacristinaeguigurenburneo/Documents/Galapagos2023_Drone_Snapshots/Balaena_Callibrations/DJI_0272.MP4_00_05_23_vlc00002.png,DJI_0272.MP4,DJI_0272.MP4_00_05_23_vlc00002.png,5:23,29.2,0.001640625,12.75,pos_C,n
V2400,/Users/anacristinaeguigurenburneo/Documents/Galapagos2023_Drone_Snapshots/Balaena_Callibrations/DJI_0272.MP4_00_05_24_vlc00003.png,DJI_0272.MP4,DJI_0272.MP4_00_05_24_vlc00003.png,5:24,29,0.001640625,12.08,pos_C,y
V2401,/Users/anacristinaeguigurenburneo/Documents/Galapagos2023_Drone_Snapshots/Balaena_Callibrations/DJI_0272.MP4_00_05_26_vlc00004.png,DJI_0272.MP4,DJI_0272.MP4_00_05_26_vlc00004.png,5:26,29.4,0.001640625,12.16,pos_C,y
V2402,/Users/anacristinaeguigurenburneo/Documents/Galapagos2023_Drone_Snapshots/Balaena_Callibrations/DJI_0273.MP4_00_00_00_vlc00001.png,DJI_0273.MP4,DJI_0273.MP4_00_00_00_vlc00001.png,0:00,29.9,0.001640625,12.28,pos_C,n
V2403,/Users/anacristinaeguigurenburneo/Documents/Galapagos2023_Drone_Snapshots/Balaena_Callibrations/DJI_0278.MP4_00_00_17_vlc00001.png,DJI_0278.MP4,DJI_0278.MP4_00_00_17_vlc00001.png,0:17,66.5,0.001640625,13.19,pos_C,n
V2404,/Users/anacristinaeguigurenburneo/Documents/Galapagos2023_Drone_Snapshots/Balaena_Callibrations/DJI_0278.MP4_00_00_30_vlc00002.png,DJI_0278.MP4,DJI_0278.MP4_00_00_30_vlc00002.png,0:30,26.6,0.001640625,11.96,pos_O,y
V2405,/Users/anacristinaeguigurenburneo/Documents/Galapagos2023_Drone_Snapshots/Balaena_Callibrations/DJI_0279.MP4_00_05_12_vlc00001.png,DJI_0279.MP4,DJI_0279.MP4_00_05_12_vlc00001.png,5:12,31.2,0.001640625,13.47,pos_O,y
V2406,/Users/anacristinaeguigurenburneo/Documents/Galapagos2023_Drone_Snapshots/Balaena_Callibrations/DJI_0281.MP4_00_00_17_vlc00001.png,DJI_0281.MP4,DJI_0281.MP4_00_00_17_vlc00001.png,0:17,30.6,0.001640625,12.44,pos_C,n
V2407,/Users/anacristinaeguigurenburneo/Documents/Galapagos2023_Drone_Snapshots/Balaena_Callibrations/DJI_0281.MP4_00_00_21_vlc00002.png,DJI_0281.MP4,DJI_0281.MP4_00_00_21_vlc00002.png,0:21,30.2,0.001640625,12.35,pos_O,y
V2408,/Users/anacristinaeguigurenburneo/Documents/Galapagos2023_Drone_Snapshots/Balaena_Callibrations/DJI_0283.MP4_00_05_01_vlc00001.png,DJI_0283.MP4,DJI_0283.MP4_00_05_01_vlc00001.png,5:01,52.9,0.001640625,12.82,pos_O,y
V2409,/Users/anacristinaeguigurenburneo/Documents/Galapagos2023_Drone_Snapshots/Balaena_Callibrations/DJI_0283.MP4_00_05_04_vlc00002.png,DJI_0283.MP4,DJI_0283.MP4_00_05_04_vlc00002.png,5:04,51.5,0.001640625,12.74,pos_O,y
V2410,/Users/anacristinaeguigurenburneo/Documents/Galapagos2023_Drone_Snapshots/Balaena_Callibrations/DJI_0283.MP4_00_05_10_vlc00003.png,DJI_0283.MP4,DJI_0283.MP4_00_05_10_vlc00003.png,5:10,50.4,0.001640625,12.48,pos_C,n
V2411,/Users/anacristinaeguigurenburneo/Documents/Galapagos2023_Drone_Snapshots/Balaena_Callibrations/DJI_0283.MP4_00_05_16_vlc00004.png,DJI_0283.MP4,DJI_0283.MP4_00_05_16_vlc00004.png,5:16,50.6,0.001640625,12.7,pos_C,y
V2412,/Users/anacristinaeguigurenburneo/Documents/Galapagos2023_Drone_Snapshots/Balaena_Callibrations/DJI_0286.MP4_00_05_01_vlc00002.png,DJI_0286.MP4,DJI_0286.MP4_00_05_01_vlc00002.png,5:01,101.1,0.001640625,12.57,pos_O,y
V2413,/Users/anacristinaeguigurenburneo/Documents/Galapagos2023_Drone_Snapshots/Balaena_Callibrations/DJI_0286.MP4_00_05_05_vlc00001.png,DJI_0286.MP4,DJI_0286.MP4_00_05_05_vlc00001.png,5:05,120.8,0.001640625,13.29,pos_C,n
V2414,/Users/anacristinaeguigurenburneo/Documents/Galapagos2023_Drone_Snapshots/Balaena_Callibrations/DJI_0287.MP4_00_04_49_vlc00001.png,DJI_0287.MP4,DJI_0287.MP4_00_04_49_vlc00001.png,4:49,31.2,0.001640625,12.95,pos_C,n
V2415,/Users/anacristinaeguigurenburneo/Documents/Galapagos2023_Drone_Snapshots/Balaena_Callibrations/DJI_0287.MP4_00_04_53_vlc00002.png,DJI_0287.MP4,DJI_0287.MP4_00_04_53_vlc00002.png,4:53,30.2,0.001640625,13.22,pos_C,n
V2416,/Users/anacristinaeguigurenburneo/Documents/Galapagos2023_Drone_Snapshots/Balaena_Callibrations/DJI_0287.MP4_00_04_56_vlc00003.png,DJI_0287.MP4,DJI_0287.MP4_00_04_56_vlc00003.png,4:56,26.2,0.001640625,12.94,pos_O,y
V2417,/Users/anacristinaeguigurenburneo/Documents/Galapagos2023_Drone_Snapshots/Balaena_Callibrations/DJI_0290.MP4_00_00_01_vlc00001.png,DJI_0290.MP4,DJI_0290.MP4_00_00_01_vlc00001.png,0:01,119.9,0.001640625,13.29,pos_C,n
V2418,/Users/anacristinaeguigurenburneo/Documents/Galapagos2023_Drone_Snapshots/Balaena_Callibrations/DJI_0290.MP4_00_00_30_vlc00002.png,DJI_0290.MP4,DJI_0290.MP4_00_00_30_vlc00002.png,0:30,33.7,0.001640625,12.7,pos_O,n
V2419,/Users/anacristinaeguigurenburneo/Documents/Galapagos2023_Drone_Snapshots/Balaena_Callibrations/DJI_0291.MP4_00_00_35_vlc00001.png,DJI_0291.MP4,DJI_0291.MP4_00_00_35_vlc00001.png,0:35,58.7,0.001640625,13.52,pos_O,y
V2420,/Users/anacristinaeguigurenburneo/Documents/Galapagos2023_Drone_Snapshots/Balaena_Callibrations/DJI_0292.MP4_00_05_14_vlc00001.png,DJI_0292.MP4,DJI_0292.MP4_00_05_14_vlc00001.png,5:14,34.1,0.001640625,14.29,pos_O,y
V2421,/Users/anacristinaeguigurenburneo/Documents/Galapagos2023_Drone_Snapshots/Balaena_Callibrations/DJI_0293.MP4_00_00_17_vlc00002.png,DJI_0293.MP4,DJI_0293.MP4_00_00_17_vlc00002.png,0:17,32.1,0.001640625,13,pos_C,n
V2422,/Users/anacristinaeguigurenburneo/Documents/Galapagos2023_Drone_Snapshots/Balaena_Callibrations/DJI_0293.MP4_00_00_20_vlc00004.png,DJI_0293.MP4,DJI_0293.MP4_00_00_20_vlc00004.png,0:20,32.2,0.001640625,13.14,pos_C,n
V2423,/Users/anacristinaeguigurenburneo/Documents/Galapagos2023_Drone_Snapshots/Balaena_Callibrations/DJI_0295.MP4_00_03_39_vlc00001.png,DJI_0295.MP4,DJI_0295.MP4_00_03_39_vlc00001.png,3:39,30.5,0.001640625,13.11,pos_O,y
V2424,/Users/anacristinaeguigurenburneo/Documents/Galapagos2023_Drone_Snapshots/Balaena_Callibrations/DJI_0295.MP4_00_03_48_vlc00003.png,DJI_0295.MP4,DJI_0295.MP4_00_03_48_vlc00003.png,3:48,29.4,0.001640625,12.25,pos_O,y
V2425,/Users/anacristinaeguigurenburneo/Documents/Galapagos2023_Drone_Snapshots/Balaena_Callibrations/DJI_0295.MP4_00_03_53_vlc00004.png,DJI_0295.MP4,DJI_0295.MP4_00_03_53_vlc00004.png,3:53,29.1,0.001640625,12.26,pos_C,y
V2426,/Users/anacristinaeguigurenburneo/Documents/Galapagos2023_Drone_Snapshots/Balaena_Callibrations/DJI_0295.MP4_00_03_57_vlc00006.png,DJI_0295.MP4,DJI_0295.MP4_00_03_57_vlc00006.png,3:57,29.2,0.001640625,13,pos_C,y
V2427,/Users/anacristinaeguigurenburneo/Documents/Galapagos2023_Drone_Snapshots/Balaena_Callibrations/DJI_0295.MP4_00_03_57_vlc00006.png,DJI_0295.MP4,DJI_0295.MP4_00_03_57_vlc00006.png,3:57,29.2,0.001640625,13,pos_C,y
V2428,/Users/anacristinaeguigurenburneo/Documents/Galapagos2023_Drone_Snapshots/Balaena_Callibrations/DJI_0295.MP4_00_04_02_vlc00007.png,DJI_0295.MP4,DJI_0295.MP4_00_04_02_vlc00007.png,4:02,29,0.001640625,12.55,pos_C,y